title,0,1,2,3,4,5,6,7,8,9,10,11,12,13,14,15,16,17,18,19,20,21,22,23,24,25,26,27,28,29,30,31,32,33,34,35,36,37,38,39,40,41,42,43,44,45,46,47,48,49,50,51,52,53,54,55,56,57,58,59,60,61,62,63
,0.19993892,0.6072706,-0.42427334,-0.3931304,0.119832,-0.13130605,0.21157844,-0.6642144,-0.32614383,0.31611627,-0.7403575,-0.026815807,0.18054815,-0.19112422,0.4474116,-0.057818413,-0.24684823,0.2885769,0.20105334,0.2609309,0.23595853,0.11260243,-0.25843978,0.18806557,0.20228486,-0.28306776,-0.91194254,-0.025338266,0.09056739,-0.2339518,-0.08621295,0.6633115,0.2461551,-0.2597168,-0.6898564,-0.27684277,0.28758746,-0.37305394,0.683685,-0.12809053,0.42178273,0.10819818,-0.15254983,0.005295007,-0.7043827,0.08121927,-0.52943844,0.14695764,-0.33096513,0.5545181,-0.267816,0.16535991,-0.8183867,0.06563028,-0.032684315,0.014942215,0.037462946,0.53713727,-0.16094206,0.03661645,0.033739306,0.115896024,-0.07656158,0.18303429
,0.33104533,0.97124934,-0.6791059,-0.6251418,0.18509424,-0.20871301,0.333361,-1.0578563,-0.49704948,0.5212175,-1.2009349,-0.028562285,0.27279904,-0.30588046,0.7190877,-0.08631235,-0.39750323,0.46259126,0.31527945,0.4086878,0.37417507,0.18630402,-0.43604928,0.30593893,0.31465337,-0.4662593,-1.4642096,-0.023683392,0.1390208,-0.381658,-0.14520477,1.0689242,0.41530165,-0.42962435,-1.115161,-0.4507615,0.43923452,-0.60599375,1.1033208,-0.22245917,0.68090737,0.16824707,-0.2630875,-0.017962921,-1.1357371,0.14203008,-0.83505976,0.22446866,-0.53223515,0.9004113,-0.43948436,0.2615197,-1.3098571,0.1155636,-0.042297106,0.0192158,0.03909374,0.8623676,-0.24460459,0.050068848,0.059965067,0.2037657,-0.12743695,0.29361278
,0.20370759,0.57116,-0.3942772,-0.36731738,0.103185676,-0.11705633,0.20356332,-0.62245363,-0.2936267,0.29917789,-0.70275927,-0.022888664,0.16367915,-0.17571999,0.4210423,-0.046620615,-0.23821823,0.27196947,0.1862292,0.23664701,0.21757536,0.11653379,-0.25442082,0.17565426,0.19587924,-0.27931368,-0.86845726,-0.023229089,0.08148492,-0.22408254,-0.074515924,0.62098753,0.24611187,-0.24206366,-0.6653481,-0.26871398,0.25971034,-0.35293174,0.6460661,-0.13260609,0.41356137,0.09919237,-0.14256978,-0.014478427,-0.6702552,0.08580197,-0.4903122,0.13417143,-0.3189243,0.52688754,-0.25495943,0.15439168,-0.76708347,0.06785079,-0.019367913,0.016391603,0.025175316,0.5144323,-0.14793645,0.02141864,0.030583976,0.12090374,-0.07392901,0.18079889
,0.13249594,0.3867366,-0.27450085,-0.24433623,0.079126,-0.08482832,0.1361312,-0.43138015,-0.20699808,0.20892435,-0.49056718,-0.0045340136,0.11393644,-0.11957629,0.30070964,-0.038595945,-0.16543412,0.18573877,0.1225912,0.1684177,0.14832386,0.08104194,-0.1715283,0.112356454,0.13092415,-0.18118663,-0.59627146,-0.007342107,0.04924322,-0.159268,-0.054676548,0.43238622,0.16835597,-0.17783733,-0.4598096,-0.18858218,0.18870866,-0.24921758,0.450982,-0.095388494,0.28384152,0.0622219,-0.103255,-0.0030977083,-0.46281072,0.05112956,-0.34182435,0.09020293,-0.21251893,0.372529,-0.1766482,0.10458994,-0.5260886,0.04621552,-0.014217296,0.013187864,0.02014479,0.35210842,-0.10351647,0.0261756,0.029816875,0.0774463,-0.057002213,0.12633626
,0.24441363,0.6950569,-0.48207414,-0.43950158,0.13643482,-0.14222783,0.24179025,-0.76329076,-0.3637395,0.37809157,-0.8550542,-0.025765713,0.19110924,-0.22826079,0.5228474,-0.05755656,-0.27919334,0.33748412,0.23089707,0.29013112,0.26119667,0.13261434,-0.31053963,0.20529296,0.22329202,-0.3340364,-1.0423539,-0.020096892,0.09862446,-0.26725712,-0.10347304,0.75876284,0.2927424,-0.3074318,-0.804428,-0.31889036,0.31676385,-0.42955023,0.7892753,-0.16339086,0.49351856,0.116219066,-0.18057474,-0.0077686124,-0.81489104,0.10031544,-0.60079604,0.1657413,-0.38920507,0.639076,-0.31479704,0.1896456,-0.932364,0.077746004,-0.027244069,0.008163173,0.040150207,0.61786205,-0.17390591,0.03978717,0.038381353,0.1486003,-0.083588675,0.21124986
,0.25773767,0.7372482,-0.5190166,-0.4736657,0.13721816,-0.15693888,0.24866119,-0.80750453,-0.38457882,0.40363747,-0.91280377,-0.015812906,0.21640664,-0.2337362,0.563048,-0.06419977,-0.29580042,0.35164475,0.2468145,0.3149724,0.29223353,0.14691143,-0.3280925,0.2278182,0.2529824,-0.35527822,-1.1177613,-0.018308442,0.10973171,-0.29311326,-0.10921511,0.8160522,0.31203118,-0.32185286,-0.86666125,-0.33928534,0.34119582,-0.45482343,0.8412387,-0.1716299,0.52190685,0.12565356,-0.19379857,-0.004105444,-0.8673657,0.111850366,-0.6504027,0.17400546,-0.41203034,0.69406146,-0.34017614,0.20824134,-1.0025783,0.09017112,-0.028879464,0.015487604,0.03966905,0.6596689,-0.19409132,0.03700417,0.053914975,0.1482054,-0.09412378,0.23128982
,0.25639454,0.7635599,-0.5316556,-0.48956925,0.14305529,-0.1675857,0.26245737,-0.83694416,-0.39697018,0.40652663,-0.9489941,-0.016774235,0.22244005,-0.24368565,0.5632974,-0.065149285,-0.31589422,0.37798214,0.24259916,0.33025494,0.29352883,0.14877665,-0.32866076,0.23304439,0.25344193,-0.35852477,-1.1479136,-0.027922165,0.111206,-0.31094706,-0.119250506,0.8384473,0.3220756,-0.33187932,-0.88056207,-0.35098088,0.34424588,-0.46814176,0.86342216,-0.16989228,0.53762186,0.121775985,-0.19429378,-0.00466311,-0.8896606,0.11172133,-0.6640969,0.18045168,-0.4175724,0.7080586,-0.34619394,0.20254308,-1.0269262,0.09296383,-0.035148524,0.009049894,0.04094051,0.6846323,-0.18926425,0.03454421,0.038482327,0.1648421,-0.10617001,0.2232146
,0.28397444,0.80188674,-0.5604572,-0.5061885,0.15534651,-0.17173792,0.27779648,-0.8867775,-0.41588074,0.4260391,-0.99879545,-0.022486508,0.22331612,-0.25759146,0.60602933,-0.072292805,-0.32345495,0.38643113,0.25734702,0.34901413,0.31357798,0.15024999,-0.364591,0.2385432,0.27304012,-0.38452038,-1.2249486,-0.016766276,0.11463405,-0.3166761,-0.119650684,0.8894379,0.33955717,-0.34547845,-0.93565434,-0.373373,0.37212637,-0.5102955,0.91826254,-0.1848049,0.5706567,0.1377772,-0.21942161,-0.01265617,-0.9378456,0.11090654,-0.6991131,0.19390807,-0.44849256,0.750545,-0.36672124,0.22490911,-1.0802242,0.097597145,-0.030996794,0.017744724,0.04279739,0.71923965,-0.20897545,0.033638652,0.04481143,0.17472628,-0.09613609,0.24360147
,0.22793686,0.6497786,-0.45106283,-0.41893664,0.12847458,-0.13275374,0.22488226,-0.7067,-0.34343472,0.3400484,-0.7976672,-0.0264247,0.17988932,-0.21437956,0.48684826,-0.063854516,-0.27072653,0.3089159,0.20823021,0.27508697,0.2493069,0.1332453,-0.2833872,0.1870874,0.21143883,-0.31573096,-0.9785935,-0.029207919,0.09587014,-0.25887212,-0.09381116,0.7122079,0.2733952,-0.28721082,-0.7612174,-0.29958066,0.2995353,-0.41032904,0.7405913,-0.15036772,0.4627801,0.105476245,-0.17106357,-0.009993285,-0.765873,0.09773291,-0.57028425,0.1507928,-0.3613187,0.60644424,-0.29604647,0.1853755,-0.8743289,0.08808561,-0.021646278,0.023311859,0.04025066,0.5769428,-0.16766745,0.029780677,0.041150145,0.13559923,-0.082191065,0.20737854
,0.28201154,0.82334065,-0.5907344,-0.5319721,0.15751585,-0.18413527,0.28747153,-0.91087425,-0.43074518,0.45137823,-1.0313711,-0.026057988,0.24575461,-0.25412744,0.6201813,-0.06649538,-0.33687842,0.3932158,0.2721774,0.35302666,0.3164731,0.15734272,-0.3629532,0.2515715,0.27614397,-0.39913422,-1.2626777,-0.030575413,0.114374064,-0.32833198,-0.12840301,0.90954274,0.34462917,-0.35904062,-0.97010523,-0.389815,0.3762433,-0.5180719,0.94879663,-0.18883814,0.5874597,0.14400327,-0.22248249,-0.011721285,-0.975912,0.11415552,-0.7202073,0.19618383,-0.4593061,0.780421,-0.3793749,0.22377081,-1.1168541,0.09287263,-0.028017323,0.018523756,0.038728256,0.7398584,-0.21043034,0.046563476,0.048768688,0.1689104,-0.102145135,0.25450346
,0.24022998,0.68036133,-0.4716273,-0.43198964,0.13152437,-0.14985304,0.23900102,-0.738906,-0.35632136,0.36886424,-0.8360489,-0.018602047,0.18696615,-0.22218171,0.5052742,-0.06883565,-0.27393854,0.32922336,0.22271992,0.28857344,0.25558922,0.12954648,-0.30520728,0.21018478,0.21996008,-0.32749203,-1.0247117,-0.027069552,0.098019116,-0.2696104,-0.10540604,0.75120145,0.294743,-0.2957464,-0.78778046,-0.31584978,0.3174418,-0.4216748,0.7681292,-0.15370375,0.48593706,0.11131267,-0.18475813,-0.0024502615,-0.79141694,0.0990662,-0.58647424,0.16044413,-0.3826007,0.6381221,-0.30433774,0.18903087,-0.9109647,0.08574388,-0.030938068,0.019925479,0.03351444,0.59672564,-0.17879677,0.03434564,0.041533656,0.14946286,-0.09362673,0.20185937
,0.21370816,0.6455839,-0.4515821,-0.41784486,0.12644953,-0.13914393,0.22466984,-0.70650643,-0.34612998,0.3366131,-0.78803957,-0.028467486,0.19176866,-0.20304103,0.4771938,-0.061155804,-0.2620354,0.30722785,0.21428092,0.27757922,0.24997671,0.1203015,-0.2756612,0.19977807,0.21472995,-0.302436,-0.97065157,-0.026495172,0.09592052,-0.24936938,-0.09243711,0.70603913,0.2618865,-0.27624676,-0.7340115,-0.29514197,0.3054404,-0.39669168,0.7272137,-0.13655744,0.44904608,0.11419159,-0.16257884,0.0049576988,-0.7491928,0.08710035,-0.56238866,0.15642947,-0.35256842,0.59016365,-0.28542656,0.17627934,-0.8693248,0.07017055,-0.033486065,0.01521169,0.03997426,0.57203144,-0.1710636,0.03897535,0.03640973,0.12320408,-0.0813665,0.19431296
,0.31645364,0.9289124,-0.64876,-0.59747136,0.17728624,-0.19966182,0.3188886,-1.0111796,-0.475164,0.49865133,-1.1485198,-0.027461445,0.26019466,-0.29237944,0.6876401,-0.08304843,-0.380502,0.44200432,0.3018007,0.39127195,0.35863638,0.17804904,-0.41703016,0.29304332,0.30064356,-0.44594893,-1.3996155,-0.02163313,0.13265072,-0.36453855,-0.13904856,1.0217559,0.39703637,-0.4106515,-1.0657345,-0.4299266,0.41959065,-0.5791508,1.0546898,-0.2126719,0.65109444,0.1616933,-0.25140232,-0.017595079,-1.0869424,0.135859,-0.79878426,0.21465454,-0.5079055,0.8613981,-0.42040178,0.24943312,-1.2519151,0.11128361,-0.04049252,0.01790305,0.03717806,0.8233078,-0.23350409,0.048331574,0.05749882,0.19498365,-0.1223373,0.28088745
,0.13807535,0.40434465,-0.28688124,-0.2550178,0.08287864,-0.08822538,0.14224954,-0.4505693,-0.21622698,0.21816523,-0.5125262,-0.0050414517,0.118989505,-0.1251762,0.3138129,-0.03957654,-0.17245209,0.19429308,0.12870416,0.17594841,0.15522547,0.0845844,-0.17945647,0.1180233,0.13676053,-0.18982439,-0.6231075,-0.008071326,0.051909015,-0.16599435,-0.056993973,0.4512428,0.17610578,-0.18540603,-0.4800748,-0.19704126,0.19644043,-0.25982293,0.4706909,-0.09962403,0.2963189,0.064630724,-0.10767899,-0.0029685935,-0.48305783,0.053842414,-0.35708094,0.094024114,-0.22188555,0.38847566,-0.18466836,0.10939453,-0.54956543,0.048414595,-0.0149245,0.01397427,0.020654941,0.36793518,-0.10811681,0.026537485,0.030739332,0.08167231,-0.059242845,0.13112718
,0.19209558,0.53743565,-0.3702527,-0.34477267,0.09695402,-0.11025534,0.19185403,-0.5853991,-0.27546316,0.2812028,-0.6606157,-0.021127854,0.15352744,-0.16460142,0.39518154,-0.04403433,-0.22358185,0.2555962,0.17486733,0.22219582,0.20478386,0.109383784,-0.23904847,0.16514239,0.18451114,-0.26254338,-0.8164345,-0.021876588,0.07641989,-0.21057667,-0.06968409,0.5833322,0.23152442,-0.22637327,-0.6261197,-0.25295335,0.24443842,-0.33189887,0.60768205,-0.12555413,0.38977244,0.093811475,-0.13426915,-0.014314368,-0.6301742,0.080568105,-0.46112868,0.12528701,-0.29974973,0.49512962,-0.23981884,0.14504185,-0.7225015,0.063557126,-0.018213212,0.015255577,0.023374159,0.48288113,-0.13831545,0.019784048,0.02815248,0.113161065,-0.070080996,0.17076339
,0.2410156,0.6863894,-0.47550952,-0.4334201,0.13440381,-0.14041044,0.23894133,-0.7535494,-0.358858,0.37358582,-0.84451455,-0.025406383,0.1887214,-0.22483096,0.51634485,-0.056774054,-0.27572393,0.33348662,0.22816302,0.28599343,0.25804833,0.13109668,-0.3067798,0.20265828,0.22035922,-0.3290636,-1.0286219,-0.019941546,0.0976257,-0.2636556,-0.10261552,0.7487186,0.28814554,-0.3038946,-0.79373646,-0.31401056,0.31271896,-0.42379588,0.7797565,-0.16139872,0.48647517,0.114391595,-0.17823869,-0.0076068914,-0.8045663,0.09866025,-0.5929377,0.16367885,-0.38478154,0.6303594,-0.31047854,0.18725924,-0.92041844,0.07668404,-0.027154306,0.0080858795,0.039707936,0.60972315,-0.17126085,0.039268114,0.037447643,0.14713341,-0.082126215,0.20782852
,0.2639547,0.7554892,-0.5310818,-0.48407966,0.14033778,-0.1605714,0.25497764,-0.82793117,-0.39291993,0.41336426,-0.93465275,-0.01598243,0.22080037,-0.2387842,0.5756276,-0.06560389,-0.30300492,0.35953692,0.25170025,0.3227803,0.29987875,0.15037565,-0.3359905,0.23307829,0.25886834,-0.3641231,-1.1437104,-0.018463086,0.11217488,-0.29956207,-0.11229302,0.8357993,0.3193578,-0.32917696,-0.88648486,-0.34751076,0.34854072,-0.46620783,0.86219674,-0.17557731,0.5340957,0.12909856,-0.19847326,-0.0049125236,-0.8881063,0.11463605,-0.6653301,0.17800632,-0.42124388,0.7103411,-0.34879902,0.21268916,-1.0260983,0.09196008,-0.029909391,0.015418666,0.040425155,0.6749066,-0.19783092,0.038179297,0.055272337,0.15190972,-0.09712005,0.23716563
,0.25809023,0.7678143,-0.53451526,-0.4913655,0.14456116,-0.16867954,0.26416248,-0.8418667,-0.398729,0.4079678,-0.95380586,-0.016954476,0.22284989,-0.24490878,0.5667297,-0.06490042,-0.3179192,0.37922287,0.24321343,0.33288226,0.29463175,0.15087657,-0.3312109,0.23405257,0.25461367,-0.35976455,-1.1539558,-0.0282054,0.11133311,-0.31306294,-0.120874375,0.8428189,0.32523993,-0.33406863,-0.885529,-0.35259947,0.3454477,-0.47118217,0.8680942,-0.1705865,0.5418082,0.122463524,-0.19498134,-0.0045657894,-0.89479274,0.11217669,-0.66686416,0.1809993,-0.42050165,0.7120299,-0.34813976,0.20414843,-1.0329975,0.093802676,-0.035428654,0.0087848455,0.041477203,0.6888913,-0.19065905,0.035715643,0.038327605,0.1660088,-0.1056469,0.22487767
,0.28243175,0.796224,-0.55645925,-0.5026836,0.15453906,-0.17080185,0.27577347,-0.88030124,-0.4128595,0.42295012,-0.99236166,-0.02251184,0.22216152,-0.2557872,0.60132945,-0.0717482,-0.3209863,0.38361457,0.25501648,0.34635404,0.3121032,0.15031523,-0.362037,0.23602326,0.27085176,-0.38194293,-1.2167753,-0.016894506,0.11386949,-0.31516808,-0.11952404,0.88322234,0.33801973,-0.34270498,-0.9309449,-0.3706552,0.36983195,-0.50785726,0.9125842,-0.18276815,0.56708103,0.13664992,-0.21758641,-0.012731532,-0.93196785,0.109583095,-0.6941685,0.19396798,-0.4461325,0.74550647,-0.36434376,0.22341104,-1.0737126,0.09640922,-0.030567994,0.017375162,0.04332206,0.7146069,-0.20774803,0.033565294,0.045061156,0.17377417,-0.094237894,0.24283135
,0.2244841,0.6377046,-0.4436653,-0.41183,0.12562202,-0.1301463,0.22130018,-0.6950723,-0.3373735,0.33390966,-0.7833294,-0.026436636,0.17718525,-0.21091059,0.47855383,-0.06293356,-0.26595697,0.30355373,0.20464067,0.27028865,0.24454841,0.13141015,-0.27859107,0.1833044,0.20736873,-0.3107728,-0.9624321,-0.028655719,0.094624184,-0.25429654,-0.09276832,0.6997559,0.26865917,-0.28241083,-0.74784976,-0.29497632,0.29443106,-0.40307802,0.72757363,-0.14779912,0.45493585,0.10360159,-0.16809125,-0.010011411,-0.7535778,0.09637062,-0.5606731,0.14834923,-0.35537687,0.5964298,-0.2908958,0.18255335,-0.8588655,0.08722179,-0.021529857,0.02324484,0.03974712,0.5671071,-0.1647845,0.029617725,0.040629666,0.13313136,-0.0806978,0.20392717
,0.26881456,0.7849799,-0.5634261,-0.50732917,0.1511208,-0.1762471,0.27345964,-0.8674517,-0.4108944,0.43073836,-0.9826337,-0.025094306,0.23366019,-0.24197528,0.5911559,-0.06296259,-0.3209819,0.37485754,0.25959986,0.33679894,0.3019519,0.15005198,-0.3452291,0.23866744,0.26310042,-0.38043723,-1.20456,-0.029414862,0.1090766,-0.31356362,-0.12243286,0.86657304,0.32817498,-0.34173408,-0.92557234,-0.37031394,0.35880148,-0.49443835,0.9049212,-0.1793896,0.5594845,0.13745233,-0.21244565,-0.011284028,-0.93009615,0.10868237,-0.68640107,0.18629387,-0.43815088,0.74428385,-0.361338,0.2132851,-1.0649208,0.088632606,-0.026167547,0.017177064,0.03638698,0.7050904,-0.20061591,0.04519334,0.046331976,0.16031894,-0.096751116,0.24335244
,0.24742654,0.69898236,-0.48445088,-0.44465142,0.13468316,-0.15439688,0.24561676,-0.7602661,-0.36585343,0.37921748,-0.8601969,-0.019697305,0.19285929,-0.22817118,0.5195289,-0.07105894,-0.28124383,0.33891898,0.22930199,0.2964068,0.26252556,0.1327962,-0.31339163,0.21569912,0.22651812,-0.33668917,-1.0530174,-0.027533872,0.1003747,-0.27767572,-0.107561134,0.7718024,0.3020959,-0.3040706,-0.80998325,-0.324599,0.32663813,-0.43309703,0.78964406,-0.15744956,0.4992422,0.114408836,-0.19091208,-0.0031227155,-0.813479,0.10219455,-0.60324347,0.16576241,-0.393275,0.6553115,-0.31310615,0.19490547,-0.9367136,0.08830092,-0.03219113,0.020927602,0.034262445,0.61375856,-0.18365355,0.034904767,0.0428871,0.15337716,-0.095815524,0.2087584
,0.21378645,0.61584854,-0.42317483,-0.39524853,0.11447951,-0.13715848,0.20850198,-0.67822415,-0.31382668,0.33554518,-0.7655899,-0.017705496,0.17130172,-0.19368604,0.45740587,-0.047387447,-0.25276795,0.29129502,0.19358042,0.25394845,0.23505868,0.11975731,-0.2754286,0.18342334,0.1966224,-0.29886863,-0.93772244,-0.014921523,0.08706291,-0.24033171,-0.09184995,0.68420804,0.26783288,-0.27674168,-0.71236205,-0.2817945,0.29068947,-0.38447514,0.6927896,-0.13229413,0.43662208,0.109295346,-0.15666111,-0.013237775,-0.71690995,0.08794307,-0.5305388,0.14667793,-0.34090862,0.57097214,-0.2871013,0.16707517,-0.8282426,0.07849512,-0.025134485,0.015502744,0.023491604,0.55352855,-0.16461699,0.03590959,0.031845253,0.12486755,-0.08133651,0.18388353
,0.29008797,0.8260189,-0.5851503,-0.53186685,0.15747592,-0.18355478,0.2823679,-0.9071822,-0.42613858,0.4389773,-1.0267884,-0.02645281,0.24000144,-0.25668415,0.61561185,-0.077113576,-0.3360571,0.39576527,0.26951316,0.35207963,0.32027972,0.16637437,-0.36358687,0.25806344,0.26892656,-0.39776704,-1.2495316,-0.018330663,0.11521089,-0.33263475,-0.12376002,0.919864,0.34615207,-0.3618144,-0.95829844,-0.3823668,0.38710952,-0.51835775,0.9409502,-0.18662053,0.5872,0.14826694,-0.21510611,-0.013441688,-0.9635353,0.11872375,-0.7183377,0.1930329,-0.45788264,0.77262926,-0.3881299,0.22644137,-1.1215646,0.092345074,-0.03325291,0.0133614065,0.040892698,0.741457,-0.21485892,0.03083675,0.04747795,0.1819612,-0.10033418,0.25120875
,0.27220818,0.7628069,-0.54281604,-0.4945664,0.13992445,-0.16207288,0.2666296,-0.84306353,-0.3996674,0.41815794,-0.9568395,-0.01591974,0.22166568,-0.24538197,0.5695251,-0.0610481,-0.30960262,0.37297618,0.24941707,0.31774634,0.29118317,0.14617352,-0.34189236,0.23356774,0.25758672,-0.3616811,-1.1687318,-0.016431142,0.11253861,-0.2981543,-0.113718614,0.846978,0.32708716,-0.34528702,-0.88274556,-0.3566226,0.35380068,-0.480883,0.8713702,-0.17185716,0.553359,0.13181125,-0.2061136,-0.00069958,-0.90629023,0.11511516,-0.6621168,0.1786524,-0.4217201,0.71825665,-0.3533665,0.2077402,-1.0367385,0.08199049,-0.034981225,0.012352592,0.04492518,0.6830368,-0.20122847,0.036396276,0.041016683,0.16078813,-0.09848349,0.23635201
,0.2667774,0.7759535,-0.55371505,-0.4974182,0.15505372,-0.1647949,0.27162135,-0.86361676,-0.3998416,0.413552,-0.9727395,-0.022984568,0.21882738,-0.24247645,0.5851718,-0.06323047,-0.32390335,0.38331243,0.24837968,0.33725002,0.29779583,0.14716862,-0.34821987,0.24586506,0.26420987,-0.37498325,-1.1861428,-0.03399838,0.113990165,-0.31005496,-0.10630954,0.8698159,0.3291568,-0.33569235,-0.89898723,-0.3581334,0.3617282,-0.493532,0.89431524,-0.17961587,0.55426306,0.13734652,-0.2052086,-0.0018560729,-0.91714483,0.12299185,-0.6840385,0.18609874,-0.4349543,0.7231522,-0.35982195,0.21475966,-1.0547826,0.08431591,-0.02404367,0.021215316,0.04475557,0.7052072,-0.20275357,0.04044369,0.05384487,0.16690244,-0.103616826,0.23913857
,0.2597761,0.76718587,-0.5402094,-0.49464056,0.15016842,-0.16098906,0.26108542,-0.8303369,-0.3901569,0.413656,-0.9406496,-0.015878683,0.22440062,-0.243558,0.57266796,-0.07619555,-0.30675077,0.36566955,0.24823084,0.32755223,0.2846865,0.15622564,-0.33389232,0.23602492,0.24567941,-0.36517596,-1.1506984,-0.024351973,0.11181095,-0.3012736,-0.11869687,0.84959227,0.31673402,-0.34119383,-0.88323927,-0.3608225,0.35342395,-0.4802657,0.86976767,-0.16591278,0.5481149,0.124262616,-0.20232551,-0.013254077,-0.89550436,0.11730836,-0.66401774,0.1793893,-0.42027277,0.70375794,-0.35393262,0.21632673,-1.0210756,0.09525655,-0.024524989,0.016029883,0.035699334,0.6780415,-0.19540481,0.02885582,0.0441779,0.1603816,-0.09923816,0.23130842
,0.24479036,0.696883,-0.48187295,-0.44332066,0.13620983,-0.14485125,0.24380077,-0.75902045,-0.36530986,0.37482843,-0.8510503,-0.015058089,0.1996501,-0.2275068,0.5227013,-0.06340962,-0.2884093,0.33054894,0.23030849,0.28819346,0.26047677,0.13197342,-0.3084193,0.20452206,0.23336817,-0.32794327,-1.0527602,-0.021811925,0.09354685,-0.28259966,-0.09428739,0.7701782,0.29709294,-0.3025934,-0.80814505,-0.33070663,0.32779565,-0.4339424,0.7895014,-0.16197269,0.4909877,0.120743476,-0.18380138,-0.011481163,-0.8074896,0.09567149,-0.6038236,0.1612456,-0.37894562,0.64520174,-0.32632607,0.19406801,-0.9296644,0.08613637,-0.022950433,0.014594254,0.03454386,0.61499685,-0.1766313,0.04030061,0.048653096,0.13911907,-0.096537806,0.21143313
,0.2931677,0.86660284,-0.6187555,-0.5542849,0.17494012,-0.18371691,0.29411605,-0.9522067,-0.44860128,0.47022775,-1.072545,-0.016348476,0.24873787,-0.28055796,0.6520183,-0.070521414,-0.35689408,0.42510203,0.2747004,0.3607737,0.34008238,0.1648687,-0.38446906,0.26312658,0.28039172,-0.4195596,-1.3149425,-0.02771196,0.12227951,-0.34402657,-0.11902658,0.96738744,0.36749297,-0.3816352,-1.0080372,-0.41052258,0.39782476,-0.536696,0.9821583,-0.19955085,0.61387414,0.1394426,-0.2260066,-0.00414619,-1.009195,0.13467541,-0.75860137,0.2052723,-0.48082834,0.8051624,-0.4041435,0.23457012,-1.1668891,0.107832715,-0.026533853,0.02424178,0.04860998,0.7707352,-0.22257312,0.043327253,0.04994895,0.19113903,-0.10980965,0.27208602
,0.23731656,0.7004622,-0.48828462,-0.44729337,0.13949667,-0.1532092,0.23464778,-0.7645446,-0.35981208,0.37307087,-0.8602832,-0.027344236,0.20668237,-0.21740398,0.51587003,-0.06815909,-0.287542,0.3367078,0.22756945,0.2969748,0.26365474,0.1299677,-0.31239074,0.20738095,0.23501252,-0.33284786,-1.0448666,-0.021738628,0.10626606,-0.2678846,-0.1009486,0.7709463,0.28578264,-0.30466557,-0.80807453,-0.31553137,0.3292633,-0.4357403,0.7912556,-0.15524629,0.49391407,0.12292641,-0.1861828,-0.011878089,-0.81949466,0.09737771,-0.59871906,0.17196856,-0.38734382,0.6484107,-0.3191201,0.1980999,-0.9370983,0.07425646,-0.030262364,0.017912358,0.041102737,0.61612153,-0.18721522,0.03637828,0.049504902,0.15149255,-0.090720944,0.21645649
,0.25861436,0.77331847,-0.5357333,-0.48303926,0.14646646,-0.15517794,0.2717612,-0.83864784,-0.40708396,0.41732115,-0.9470781,-0.016750734,0.22909002,-0.25121185,0.57540154,-0.0591406,-0.31632748,0.3733774,0.25439194,0.32602406,0.2891163,0.14504497,-0.33355895,0.23516423,0.25184026,-0.36754212,-1.1689259,-0.020106459,0.104572356,-0.30096868,-0.119361505,0.84562564,0.3260994,-0.331655,-0.89461905,-0.36428562,0.35926104,-0.47882906,0.87306833,-0.17718518,0.54719615,0.13500156,-0.19868918,-0.009217499,-0.906454,0.11889298,-0.6635606,0.19055797,-0.42626202,0.72195035,-0.34468472,0.21065138,-1.037887,0.08182941,-0.031372994,0.0225761,0.03637991,0.6900891,-0.19478385,0.038187083,0.053726386,0.16842583,-0.099534266,0.22781295
,0.25659716,0.71595687,-0.4999492,-0.45483145,0.13594633,-0.1565936,0.23943402,-0.785267,-0.37703463,0.3786042,-0.8955353,-0.020267904,0.21151336,-0.23630497,0.53791046,-0.0685282,-0.29848886,0.35479504,0.23472586,0.30052158,0.27607974,0.13827245,-0.31950882,0.22236185,0.231946,-0.34412795,-1.0828937,-0.026306828,0.10648676,-0.2785082,-0.10536445,0.8012521,0.30716306,-0.31201202,-0.8255838,-0.3353719,0.33826363,-0.4453641,0.8219925,-0.16917695,0.50782216,0.11663942,-0.18121509,0.0005402156,-0.8458745,0.10556212,-0.6279748,0.17689869,-0.40081212,0.65888387,-0.3235221,0.1923725,-0.96226466,0.08728255,-0.02074886,0.013846639,0.036158953,0.64084905,-0.18272068,0.0317169,0.047737516,0.15601161,-0.089956604,0.21982971
,0.27963713,0.8094482,-0.56832576,-0.51907766,0.15923302,-0.17350382,0.27720416,-0.89168733,-0.42128628,0.4418838,-1.0087423,-0.021066973,0.23459616,-0.25111628,0.6025939,-0.0638944,-0.32239366,0.38825357,0.25489885,0.3456846,0.31092703,0.16102383,-0.363982,0.24404053,0.26165435,-0.39269838,-1.2226827,-0.03040929,0.11085206,-0.3176451,-0.122669,0.8979748,0.34757364,-0.35215068,-0.93335515,-0.3783818,0.3750014,-0.5094708,0.92598945,-0.17590468,0.57288325,0.13304745,-0.21643335,-0.008657264,-0.9498258,0.117681295,-0.7093968,0.19537486,-0.45696214,0.7595145,-0.37207383,0.22901222,-1.0993421,0.099807344,-0.028905826,0.01049471,0.04531256,0.71906966,-0.20858274,0.046841882,0.057798933,0.17683934,-0.11451618,0.2511214
,0.22851984,0.62834024,-0.4398475,-0.41106433,0.11748943,-0.1376125,0.22471116,-0.70073175,-0.3361532,0.33695778,-0.7927696,-0.024990188,0.17798217,-0.1992693,0.4696013,-0.06279899,-0.26263136,0.30986297,0.21023867,0.26997653,0.2367983,0.12604067,-0.28659812,0.19741116,0.21222208,-0.30356157,-0.9611597,-0.021853486,0.091895014,-0.24796635,-0.093542136,0.7095498,0.2733709,-0.2720375,-0.7360993,-0.29230416,0.29701227,-0.39549226,0.7250024,-0.14926295,0.45611092,0.11126438,-0.16307735,-0.009024825,-0.7482393,0.09232539,-0.5534962,0.15323609,-0.3580969,0.5888186,-0.28718907,0.17925447,-0.8499657,0.082198806,-0.0261764,0.01610378,0.03044079,0.57172686,-0.15911609,0.028427055,0.036309812,0.1364315,-0.076409146,0.19084786
,0.22254878,0.65333635,-0.4653346,-0.41700736,0.13491747,-0.14276391,0.22804976,-0.71290815,-0.34375262,0.3579294,-0.810264,-0.0163384,0.18316236,-0.20736527,0.4978218,-0.06069189,-0.27252766,0.32400542,0.20511004,0.27623814,0.250746,0.13205536,-0.29094326,0.19548427,0.21281147,-0.30743828,-0.98439234,-0.014589901,0.09239693,-0.26022062,-0.09308983,0.7275728,0.26892605,-0.28317273,-0.7601493,-0.29799667,0.3074118,-0.41573218,0.7445681,-0.15181501,0.45807672,0.10925229,-0.17782411,-0.017170379,-0.7589812,0.09914817,-0.57185453,0.15963502,-0.3648118,0.601129,-0.3061589,0.1798765,-0.8774415,0.070993595,-0.03018687,0.0067214514,0.03642477,0.5790445,-0.16991813,0.02968875,0.042208094,0.13704166,-0.08720058,0.20652393
,0.21314372,0.61833453,-0.44914633,-0.39710727,0.11782096,-0.13758959,0.21284519,-0.69142145,-0.32662854,0.33502108,-0.7784808,-0.025519578,0.18017843,-0.20029749,0.46811423,-0.049865242,-0.24951254,0.30314383,0.20800772,0.26497075,0.24268438,0.12438432,-0.27477932,0.18976308,0.21211241,-0.29883787,-0.95305717,-0.022811214,0.0952882,-0.2442297,-0.09450228,0.69109696,0.2647124,-0.2736187,-0.7227959,-0.2877898,0.28882238,-0.39578682,0.7142232,-0.13676661,0.45374492,0.10305693,-0.1620908,-0.013837686,-0.73774946,0.09637049,-0.54294497,0.14959128,-0.35309276,0.57866204,-0.29226094,0.17359622,-0.84467214,0.07783589,-0.02147834,0.02123502,0.03321435,0.55117536,-0.15820853,0.025964137,0.042417917,0.14183925,-0.08502274,0.19641028
,0.23358148,0.6617878,-0.46375826,-0.4265233,0.13003588,-0.1366889,0.23745337,-0.729146,-0.33946857,0.3522683,-0.82023156,-0.026428929,0.19490987,-0.21789303,0.4991969,-0.06019389,-0.2639915,0.32463348,0.21622044,0.28512767,0.26127872,0.12640709,-0.3021484,0.1981987,0.21782611,-0.31410262,-1.0017602,-0.014289824,0.09291281,-0.26823997,-0.1014533,0.74128604,0.2791986,-0.29707262,-0.767372,-0.31594115,0.31259772,-0.4103334,0.7550042,-0.15098625,0.47600216,0.107411176,-0.16872838,-0.010836089,-0.77685297,0.09145348,-0.5766112,0.16260487,-0.3643337,0.6226301,-0.30382702,0.18468285,-0.8988852,0.07176524,-0.02614511,0.013551711,0.029792182,0.5978672,-0.17944433,0.028123468,0.042362463,0.14149007,-0.09137675,0.20213416
,0.27229428,0.7752577,-0.5452362,-0.4881688,0.14803325,-0.15844807,0.27457905,-0.84354216,-0.40511408,0.41330227,-0.95650786,-0.029484838,0.22168423,-0.24123792,0.5709845,-0.065483056,-0.31492436,0.37032568,0.24009472,0.33154288,0.29718488,0.14484087,-0.33555412,0.24234872,0.24990422,-0.37177825,-1.1667045,-0.02594336,0.11147414,-0.3057292,-0.106232844,0.85695875,0.31789583,-0.3369114,-0.894065,-0.35843104,0.36092377,-0.47876576,0.87434536,-0.1678651,0.5459907,0.13778485,-0.20107326,-0.014889906,-0.90123266,0.110918276,-0.66915935,0.18422282,-0.4248317,0.71555316,-0.36197713,0.21203643,-1.0354337,0.09168522,-0.029305277,0.006392588,0.044798546,0.6913004,-0.19195236,0.029024541,0.054948613,0.17183612,-0.11184499,0.23519348
,0.24402076,0.72259897,-0.51541674,-0.45808804,0.14579678,-0.15622869,0.2494879,-0.78583467,-0.37994367,0.3901557,-0.8875689,-0.023679955,0.21197465,-0.22903521,0.54280716,-0.06019441,-0.29572394,0.34994304,0.2260671,0.30135804,0.27606156,0.13822775,-0.32446814,0.22502777,0.23199041,-0.35442254,-1.0972073,-0.029041307,0.10511785,-0.29532748,-0.1000583,0.80172205,0.31078696,-0.31049135,-0.8460714,-0.34072632,0.32962582,-0.45584586,0.8258542,-0.16925013,0.51509213,0.121879034,-0.18526585,-0.0013926463,-0.848406,0.11219822,-0.6245571,0.16985197,-0.406719,0.66824967,-0.3358573,0.20657681,-0.97828877,0.080382034,-0.029649505,0.015550397,0.03761029,0.650611,-0.18793397,0.026875118,0.039320573,0.15708052,-0.09841559,0.22740477
,0.24934824,0.74083275,-0.52827615,-0.47502914,0.1465991,-0.16530201,0.25027412,-0.81597865,-0.38160625,0.3992315,-0.920786,-0.020500261,0.20640771,-0.23391668,0.5554001,-0.071834505,-0.29448754,0.36763507,0.24582982,0.31257784,0.28739637,0.13793187,-0.3219231,0.23101315,0.24650303,-0.3560899,-1.1296974,-0.02809748,0.11391537,-0.29117206,-0.10537918,0.8232326,0.30661106,-0.32660514,-0.85936624,-0.33742493,0.3446578,-0.46481392,0.83667827,-0.16915457,0.5222436,0.1184938,-0.19146824,-0.0064133485,-0.86270684,0.11698419,-0.6410702,0.1747013,-0.4146173,0.6855128,-0.3326451,0.1977387,-0.9982451,0.08758259,-0.02727033,0.013831309,0.03262792,0.6659107,-0.18922544,0.03815222,0.053046312,0.15135561,-0.10169596,0.22306795
,0.22286887,0.6274032,-0.43509704,-0.39981398,0.12381913,-0.13996375,0.22081582,-0.68648446,-0.32571197,0.34040052,-0.7817559,-0.011791962,0.18792361,-0.2035145,0.47256106,-0.05445074,-0.24924003,0.30908683,0.20025915,0.2605987,0.23616645,0.124856725,-0.27956173,0.18950443,0.21248071,-0.2998667,-0.95209336,-0.013797878,0.083317645,-0.25088048,-0.08628632,0.6918446,0.26092616,-0.2758617,-0.7280805,-0.285848,0.28884014,-0.39285254,0.7197645,-0.13711762,0.4402671,0.11202311,-0.1597805,-0.012796426,-0.7379152,0.09890656,-0.5503518,0.15564318,-0.3548052,0.57901204,-0.2861835,0.172739,-0.8534463,0.074771136,-0.022902437,0.010960812,0.027429832,0.55872256,-0.15906471,0.028254492,0.04284936,0.13134044,-0.08718621,0.19988851
,0.2521518,0.7110559,-0.5056759,-0.45567092,0.13207766,-0.14562637,0.25207737,-0.78437597,-0.37239432,0.38718292,-0.88578385,-0.027203193,0.21005338,-0.22445472,0.53556514,-0.055608775,-0.28548127,0.34635895,0.23484276,0.29924452,0.27920237,0.14560764,-0.3112125,0.21261638,0.22951433,-0.3428526,-1.0848894,-0.021878922,0.100445755,-0.2771516,-0.09832419,0.786851,0.29429525,-0.31050393,-0.831101,-0.33571845,0.32917222,-0.44172713,0.80291593,-0.16583782,0.5034588,0.11714878,-0.19283926,-0.016830055,-0.8278696,0.099789366,-0.6157472,0.1792558,-0.39953074,0.6668373,-0.32467586,0.19662833,-0.9547406,0.08992228,-0.023072608,0.021544488,0.040500823,0.63603204,-0.17876911,0.029340185,0.035647787,0.14854078,-0.08651499,0.2199992
,0.22279936,0.63840467,-0.4441439,-0.4050937,0.12288987,-0.13554442,0.21626562,-0.70346487,-0.32803032,0.3453133,-0.7919726,-0.022290165,0.18521598,-0.19927432,0.48584035,-0.052907236,-0.25441417,0.30620578,0.21491607,0.2686932,0.24428104,0.13318488,-0.29189497,0.19112366,0.20343675,-0.30155995,-0.9802827,-0.024133505,0.08414108,-0.25329736,-0.091089636,0.7135376,0.26477197,-0.28574622,-0.7474619,-0.30411986,0.30108508,-0.40136528,0.7397392,-0.14225842,0.46389204,0.11504128,-0.1661764,-0.0108633395,-0.75276756,0.10049926,-0.5575013,0.14774244,-0.35169223,0.5998696,-0.29744318,0.17710373,-0.87308615,0.07475003,-0.028851053,0.008111468,0.035377003,0.5775439,-0.16324878,0.025400633,0.040847085,0.1328883,-0.07954395,0.19784856
,0.16937497,0.49813637,-0.35426584,-0.31464255,0.097744994,-0.113231234,0.17815325,-0.55571073,-0.25492087,0.27145946,-0.6161529,-0.016779665,0.14453876,-0.1610587,0.37950286,-0.04862732,-0.20262061,0.24017827,0.16676748,0.20895804,0.19505982,0.0909552,-0.22807229,0.1525176,0.1608075,-0.24086401,-0.7615675,-0.020090735,0.066324145,-0.20555903,-0.07772547,0.5541219,0.21892403,-0.22509933,-0.5804436,-0.23020415,0.24024114,-0.3205856,0.5664699,-0.10874845,0.3585796,0.08124398,-0.13897854,-0.007885618,-0.5862534,0.08099037,-0.4349915,0.11464533,-0.2850841,0.46984234,-0.22730368,0.13556671,-0.68209654,0.06020166,-0.021931063,0.0088595245,0.033511665,0.4510844,-0.1357531,0.02244341,0.031257566,0.101712465,-0.057844907,0.15026575
,0.12653562,0.36322153,-0.25978068,-0.2309683,0.07557402,-0.08075671,0.1208717,-0.39692673,-0.19321257,0.20145048,-0.45825303,-0.015064545,0.111865,-0.114852,0.27799574,-0.027275432,-0.1564549,0.18097313,0.12331099,0.15688281,0.13707377,0.07464962,-0.16384266,0.11558932,0.12464669,-0.17294344,-0.55467653,-0.0049441895,0.05298429,-0.14449881,-0.057576917,0.40917212,0.14831597,-0.16931376,-0.42801368,-0.16845845,0.17548287,-0.23696446,0.4223193,-0.08720977,0.2668606,0.06898634,-0.09337245,0.001810795,-0.4383834,0.06165738,-0.32770738,0.090964384,-0.2063197,0.3443518,-0.16721389,0.10513624,-0.5010076,0.04739602,-0.016159697,0.005782996,0.024590714,0.3245112,-0.10169586,0.024976268,0.026880963,0.083938494,-0.053616483,0.10761956
,0.25151432,0.7079705,-0.49376392,-0.4559923,0.13768561,-0.14521718,0.24035053,-0.7696892,-0.36488694,0.3745229,-0.87958324,-0.024964895,0.20012408,-0.21923012,0.5275227,-0.0586468,-0.27986658,0.34980714,0.23299368,0.29458252,0.27841213,0.14248505,-0.312594,0.21648017,0.23216122,-0.34578148,-1.067721,-0.023204435,0.10099712,-0.2806608,-0.11132438,0.78599375,0.2944164,-0.30246785,-0.8144261,-0.33367702,0.32328156,-0.4402571,0.7999316,-0.15433149,0.49960974,0.11702672,-0.18388964,-0.0006540507,-0.8198983,0.097515285,-0.6182755,0.1666161,-0.39144188,0.66319734,-0.32839608,0.19263437,-0.95525527,0.07570965,-0.025030497,0.020031717,0.031366725,0.626247,-0.18651927,0.028875977,0.047253955,0.14076008,-0.09253921,0.2127574
,0.19662686,0.564275,-0.40525115,-0.3595689,0.10641818,-0.1187128,0.20492002,-0.6263989,-0.30486917,0.30494368,-0.7032315,-0.008011308,0.17163661,-0.19024453,0.42499152,-0.04620907,-0.23611946,0.27678064,0.18652579,0.24704774,0.22128777,0.108810194,-0.25149018,0.16547447,0.1879197,-0.26846024,-0.8716604,-0.018294021,0.0863237,-0.21980068,-0.07844841,0.64026034,0.24002942,-0.24704812,-0.65808284,-0.26198593,0.2728169,-0.3573169,0.6486289,-0.1249728,0.40498593,0.10366481,-0.15378578,-0.012734017,-0.6674861,0.08200769,-0.49462906,0.13223527,-0.30836833,0.53484017,-0.2673438,0.16343817,-0.76209754,0.06606558,-0.020013368,0.01116355,0.023478713,0.5103929,-0.1506965,0.028503604,0.028843783,0.1271335,-0.0755106,0.17273113
,0.12636328,0.33805078,-0.2400845,-0.21613264,0.07055651,-0.07059068,0.124499254,-0.37199366,-0.1791832,0.1899521,-0.43313795,-0.006655311,0.10121566,-0.103920534,0.2599194,-0.035759076,-0.14544548,0.16608444,0.112958305,0.14571546,0.13259797,0.06381277,-0.1503156,0.10703525,0.11346968,-0.1655649,-0.5190317,-0.018146344,0.042151842,-0.1418405,-0.044848178,0.37770903,0.15288267,-0.15870674,-0.4026045,-0.15531372,0.15496112,-0.2205242,0.38604882,-0.083590485,0.24868622,0.05990992,-0.09524984,-0.010836437,-0.39602765,0.051139984,-0.30377454,0.07536803,-0.19871727,0.31897017,-0.15336287,0.10010976,-0.46996883,0.044029992,-0.014514237,0.011006503,0.019659413,0.3110501,-0.088935494,0.011185815,0.023871105,0.07341017,-0.040043537,0.11077515
,0.21223065,0.5985954,-0.42121878,-0.38315424,0.10918053,-0.12835059,0.2015731,-0.6552796,-0.30538952,0.31870884,-0.74376875,-0.017688904,0.17327897,-0.18550736,0.44202927,-0.059531804,-0.23741566,0.2824236,0.20064889,0.24786675,0.22288337,0.12310436,-0.26244983,0.17487697,0.19267808,-0.2887131,-0.9099475,-0.019637212,0.08390898,-0.23468219,-0.080266885,0.66794866,0.25373358,-0.25646675,-0.69398123,-0.28444588,0.2743873,-0.37910923,0.6885137,-0.12955639,0.41894418,0.10692059,-0.15166207,-0.0044619045,-0.69862705,0.091138415,-0.52120703,0.14204705,-0.3359441,0.55974466,-0.27827784,0.16168818,-0.8025106,0.071822345,-0.023509946,0.00964788,0.02614522,0.541759,-0.15861867,0.020925762,0.038499888,0.13029099,-0.08369083,0.18492444
,0.25558752,0.7521234,-0.5324583,-0.47721717,0.15007511,-0.16454951,0.26183808,-0.8159643,-0.3840841,0.39319244,-0.9193469,-0.028642416,0.2177832,-0.23102397,0.5654067,-0.073763706,-0.3050444,0.3623296,0.23971193,0.31944105,0.29535702,0.14137067,-0.34061274,0.23407027,0.25437522,-0.36395648,-1.1370529,-0.02465246,0.111540064,-0.2990093,-0.11170494,0.8218376,0.31142306,-0.3270012,-0.868326,-0.35011542,0.3399132,-0.46095532,0.8537686,-0.1666401,0.5254714,0.120334744,-0.20416495,-0.015665637,-0.87979335,0.115633585,-0.6470301,0.17695926,-0.41334507,0.6916543,-0.33746064,0.20944594,-1.0092493,0.09245995,-0.020756923,0.021885518,0.039538983,0.6623484,-0.19670019,0.041549116,0.0488515,0.14980152,-0.101840265,0.22687149
,0.031916905,0.08983625,-0.062076375,-0.062874,0.021817883,-0.025679307,0.036936577,-0.10668826,-0.051137067,0.05206338,-0.116108626,-0.0075625256,0.021136269,-0.027905814,0.06928244,-0.006632745,-0.032115776,0.050916877,0.029535102,0.031711295,0.041443966,0.023996513,-0.044369407,0.02998827,0.033033747,-0.038934417,-0.14004034,0.0017188106,0.012025916,-0.04042816,-0.020121334,0.09847425,0.044293705,-0.036409847,-0.1024166,-0.048027214,0.039218746,-0.05413774,0.11157055,-0.017984448,0.07187392,0.021834102,-0.02491847,0.0041031973,-0.10990482,0.019704359,-0.074957944,0.020243216,-0.05501061,0.08844579,-0.044046976,0.01897523,-0.1250449,0.008908385,0.0036605934,-0.0009994633,0.010610873,0.08081864,-0.022696715,0.0077509508,0.012016127,0.011931643,-0.016389754,0.021389328
,0.2335738,0.69095874,-0.48389313,-0.44965598,0.14118336,-0.15199932,0.24461918,-0.7588163,-0.3559834,0.3655943,-0.86084247,-0.024797123,0.19201992,-0.22462362,0.52421707,-0.062532976,-0.27706137,0.33294824,0.21791665,0.29281393,0.26053396,0.14570063,-0.30444396,0.20542783,0.23479667,-0.32332617,-1.0541472,-0.017780246,0.09622423,-0.28175288,-0.09634034,0.7684354,0.28950724,-0.302541,-0.8050465,-0.3295631,0.31868356,-0.43367368,0.7967994,-0.15469813,0.49933055,0.11056353,-0.19194268,-0.005046424,-0.8072113,0.10961657,-0.61150235,0.17006849,-0.39291754,0.6520967,-0.32131866,0.19644442,-0.93811613,0.08261475,-0.02100598,0.017106863,0.036922242,0.6275362,-0.18310486,0.033437,0.0503744,0.1396339,-0.085659765,0.20640309
,0.2749118,0.80530703,-0.5671217,-0.5178005,0.16276112,-0.17858027,0.2807872,-0.8823299,-0.42086112,0.42640293,-0.990939,-0.023030978,0.22855213,-0.2610129,0.59918684,-0.07335521,-0.3312572,0.3835923,0.2645535,0.3372322,0.31257558,0.16636246,-0.35312408,0.23718323,0.26949838,-0.3845194,-1.223066,-0.015427625,0.10819982,-0.32284522,-0.11207908,0.8880377,0.33661,-0.35799435,-0.93630147,-0.3739031,0.36568654,-0.50067717,0.92232996,-0.18207829,0.5803635,0.14306559,-0.21882495,-0.015833301,-0.94739467,0.11438018,-0.6930262,0.19572946,-0.45173532,0.7530921,-0.37484893,0.21672255,-1.0790105,0.09436552,-0.033790123,0.017655514,0.040225517,0.7130663,-0.21520954,0.036087736,0.05649163,0.164503,-0.10477704,0.24433683
,0.16789329,0.47009128,-0.33377826,-0.30953926,0.09028115,-0.093870565,0.16213116,-0.5169271,-0.24850251,0.26188588,-0.59144825,-0.019637374,0.14067997,-0.15653965,0.351154,-0.047610797,-0.18622802,0.23467618,0.14708781,0.20046398,0.17870843,0.090298675,-0.208519,0.15010801,0.15634121,-0.22281305,-0.7193784,-0.011867453,0.06808418,-0.18334776,-0.06383118,0.52497226,0.20708956,-0.2069197,-0.5525846,-0.22743618,0.22095945,-0.30234367,0.5366145,-0.099984534,0.3365845,0.07539587,-0.13093118,-0.010836736,-0.5510455,0.07341439,-0.41747823,0.11286976,-0.26068106,0.44747737,-0.22438183,0.12992792,-0.64413697,0.059234336,-0.01596772,0.010752615,0.018486101,0.43117517,-0.13107456,0.020218013,0.03075647,0.100954406,-0.06425104,0.13865486
,0.27500007,0.77992564,-0.55743676,-0.4953338,0.1553712,-0.1718953,0.27064988,-0.85232913,-0.41322175,0.42718458,-0.9674242,-0.020431615,0.22701004,-0.25409645,0.59091884,-0.072809525,-0.32218736,0.38231945,0.26040378,0.33299813,0.3047544,0.15907054,-0.34676945,0.24644573,0.2650473,-0.37809092,-1.1939653,-0.025264554,0.11758432,-0.31576782,-0.115427084,0.86889696,0.32639214,-0.33880857,-0.90324974,-0.3719952,0.36673254,-0.4839805,0.88669837,-0.16919465,0.56060517,0.13513687,-0.2094481,-0.0149128605,-0.9246389,0.11928666,-0.67999125,0.1882449,-0.42812526,0.7298791,-0.35424453,0.22116005,-1.0560439,0.09472924,-0.034498274,0.008920448,0.043358065,0.69848824,-0.19809732,0.03585363,0.04219606,0.16258661,-0.10471364,0.24413657
,0.2517223,0.71685094,-0.4921334,-0.4549241,0.13563834,-0.15085179,0.24195474,-0.78587776,-0.3633056,0.3770754,-0.87816167,-0.021439727,0.2052078,-0.23260988,0.52895564,-0.058740553,-0.29577854,0.33730856,0.22686993,0.29992798,0.27523074,0.13371491,-0.31073552,0.20798513,0.2296457,-0.33395067,-1.0700817,-0.024704114,0.10402613,-0.2776226,-0.108936615,0.78546107,0.29914266,-0.30646312,-0.8176493,-0.32522506,0.33095384,-0.44646662,0.80322504,-0.1570977,0.5136323,0.1164425,-0.19119817,-0.00853253,-0.83434725,0.101740666,-0.62053996,0.1761854,-0.39259446,0.65678656,-0.3254448,0.18951248,-0.96160847,0.07840347,-0.021377098,0.009583375,0.041903008,0.62728226,-0.18613078,0.03707244,0.04791029,0.14226541,-0.093930684,0.21943337
,0.23370315,0.6646469,-0.46760517,-0.42428765,0.13258334,-0.13356103,0.23286644,-0.7196837,-0.3452457,0.350134,-0.80833364,-0.024863554,0.19322637,-0.2058289,0.4881683,-0.060346615,-0.26259798,0.32709318,0.21832328,0.2749007,0.2479122,0.12644075,-0.29729038,0.19980949,0.21541372,-0.30975902,-1.0044384,-0.0118296305,0.089945264,-0.2642113,-0.10103536,0.72876173,0.27068946,-0.29172596,-0.760868,-0.30224308,0.30259642,-0.41399017,0.7479222,-0.15139386,0.46698514,0.10819455,-0.17121814,-0.010763688,-0.76607287,0.09000088,-0.5694984,0.16501449,-0.36967617,0.60826766,-0.30904692,0.17619637,-0.8915559,0.077049986,-0.019571887,0.013339911,0.032750618,0.5832905,-0.17099108,0.03247357,0.04012437,0.13755745,-0.0863282,0.19958496
,0.17352691,0.51937234,-0.35783976,-0.32570225,0.092697375,-0.1052133,0.1718765,-0.57266563,-0.27321342,0.27820274,-0.63363606,-0.016573286,0.15286466,-0.16421126,0.3869739,-0.049351443,-0.203388,0.24507062,0.17070553,0.21548226,0.19600815,0.1036401,-0.22886042,0.15926592,0.17224254,-0.2457651,-0.7815399,-0.018338937,0.06736864,-0.19795805,-0.0796802,0.5623866,0.2124531,-0.22716354,-0.6044129,-0.2413308,0.23421517,-0.3263468,0.59013134,-0.12126256,0.3626975,0.09262387,-0.1398897,-0.010107778,-0.60568714,0.073245816,-0.4398436,0.12514654,-0.29067585,0.47449952,-0.23548906,0.14189702,-0.69271296,0.05715382,-0.025157668,0.014397346,0.024663301,0.45846722,-0.12831248,0.030687477,0.038183965,0.11477171,-0.073897816,0.15572742
,0.17225386,0.49426848,-0.3503697,-0.3201043,0.10334799,-0.11363374,0.1769274,-0.5537311,-0.25291818,0.2661525,-0.6241387,-0.010254946,0.1413857,-0.16538501,0.3804437,-0.037681196,-0.2052459,0.24205574,0.15801568,0.20660363,0.18787377,0.10060843,-0.22156274,0.15178324,0.15750104,-0.2361072,-0.7499036,-0.014024401,0.066311456,-0.19021814,-0.07165204,0.55329007,0.21386743,-0.21212746,-0.58528,-0.22820432,0.23601927,-0.30950633,0.5758414,-0.11053762,0.35380587,0.086853005,-0.12635982,-0.007504812,-0.5783605,0.078390986,-0.43721956,0.114701085,-0.28218338,0.4600596,-0.22663622,0.1421759,-0.6680556,0.057088822,-0.01373512,0.00865151,0.033512894,0.4447578,-0.13332216,0.024689756,0.031869862,0.101417065,-0.06449492,0.15492612
,0.24001063,0.6731221,-0.47971353,-0.43219513,0.12697093,-0.14554642,0.2376467,-0.7441623,-0.35187957,0.36289382,-0.83523345,-0.015745053,0.20058559,-0.2182062,0.5083494,-0.062603615,-0.2786297,0.32297185,0.22157884,0.27882367,0.2642864,0.12691563,-0.29129505,0.1987881,0.2171335,-0.32148972,-1.0213234,-0.018208232,0.09829487,-0.26398405,-0.09626733,0.7525674,0.28824803,-0.29374856,-0.7798199,-0.30837643,0.30494875,-0.42046797,0.76690567,-0.15100023,0.47574398,0.11256707,-0.17123143,0.0010310259,-0.7895333,0.10479817,-0.5848469,0.15748203,-0.380389,0.626849,-0.31556782,0.189148,-0.9037547,0.08539929,-0.024031334,0.020252137,0.03109191,0.6037581,-0.18155344,0.037006844,0.04218892,0.13792647,-0.0822536,0.19994129
,0.23972686,0.71167314,-0.49919605,-0.45898774,0.14265734,-0.14827195,0.25288668,-0.78709996,-0.37757152,0.3812261,-0.8780442,-0.018208344,0.20531905,-0.22715303,0.5363677,-0.058066487,-0.28676316,0.34314573,0.23512278,0.30818158,0.26750502,0.1466465,-0.3093191,0.2218776,0.23573512,-0.33626994,-1.0775784,-0.014972789,0.105678596,-0.28285635,-0.10400517,0.78957653,0.30131814,-0.3109481,-0.82135564,-0.33387613,0.32711068,-0.4490693,0.815655,-0.15447707,0.50773954,0.120323785,-0.18508613,-0.010060999,-0.8399894,0.10736094,-0.62631756,0.17159374,-0.39920634,0.662353,-0.33347523,0.2031274,-0.96299857,0.080976404,-0.021892067,0.016346367,0.030479245,0.6392286,-0.1922509,0.03211918,0.037749782,0.14888002,-0.08917838,0.2218867
,0.22782958,0.6723839,-0.47562814,-0.43883017,0.12645751,-0.14716357,0.23437348,-0.7407623,-0.34583202,0.36063972,-0.82936406,-0.018087314,0.19593395,-0.21030788,0.5113295,-0.060037065,-0.2786552,0.32243362,0.2241502,0.29162472,0.26088408,0.1329342,-0.30097052,0.2026521,0.22477499,-0.33066636,-1.0313275,-0.018296584,0.09437444,-0.2618436,-0.09938369,0.7444238,0.28542703,-0.29602692,-0.7811657,-0.31828967,0.31806573,-0.42819014,0.7622202,-0.14936577,0.48255554,0.110554636,-0.17204943,-0.004913486,-0.7904745,0.094716586,-0.5917573,0.16549796,-0.37047446,0.6263948,-0.3141639,0.17789412,-0.90356195,0.07866147,-0.026154224,0.010200185,0.032311764,0.59608823,-0.16906631,0.030805502,0.04683725,0.1383506,-0.09149742,0.20190677
,0.25962308,0.74706715,-0.51940656,-0.48061192,0.1397639,-0.16177037,0.25773314,-0.81333137,-0.39670366,0.40567437,-0.92872167,-0.027697843,0.21331063,-0.23771264,0.5655603,-0.07002585,-0.31052184,0.35945466,0.2458693,0.32428175,0.28033406,0.15462774,-0.33547717,0.22409557,0.247205,-0.35023773,-1.1318883,-0.02925501,0.10509987,-0.2987496,-0.11466602,0.831684,0.32247388,-0.33321106,-0.86594945,-0.34894764,0.34802407,-0.46818307,0.8498629,-0.17082924,0.5294922,0.12865663,-0.19877104,-0.014451297,-0.88291574,0.11102782,-0.6510149,0.18063578,-0.4088199,0.6915587,-0.34367082,0.20743479,-1.0062678,0.08346762,-0.02955129,0.021348197,0.03467182,0.66292894,-0.1945818,0.0397648,0.054115143,0.15886833,-0.09568166,0.23547931
,0.25228328,0.74873924,-0.5208102,-0.48260984,0.15300836,-0.15719543,0.25505358,-0.82498366,-0.39051622,0.40801537,-0.9207917,-0.012547415,0.21462604,-0.24164513,0.5567321,-0.0610572,-0.31070518,0.37040123,0.23615535,0.30974016,0.28653505,0.15329963,-0.33840108,0.2308659,0.24693318,-0.35815442,-1.1332747,-0.024955008,0.10259248,-0.3006593,-0.117448084,0.8318657,0.32290938,-0.32210496,-0.8657146,-0.34448874,0.34422356,-0.46385905,0.8586934,-0.17670205,0.5374469,0.12667619,-0.20506924,-0.008167404,-0.87177634,0.11322313,-0.6430078,0.17243427,-0.42271778,0.6990412,-0.34848094,0.21259475,-1.0021608,0.09393849,-0.02751852,0.011301367,0.031947467,0.6736544,-0.18526784,0.030733516,0.04632544,0.16193537,-0.098032534,0.23229055
,0.29765514,0.85143375,-0.5960548,-0.54458964,0.16948988,-0.18172441,0.2902465,-0.92955554,-0.44953012,0.44989297,-1.0443641,-0.02715823,0.23827422,-0.27334705,0.639932,-0.06903752,-0.34717214,0.4176574,0.2661016,0.36446592,0.32786795,0.16676617,-0.37176853,0.26047155,0.28091562,-0.40048113,-1.2865703,-0.025433933,0.118140645,-0.3377908,-0.1268543,0.94310033,0.36457846,-0.36587572,-0.98698026,-0.40156794,0.3876682,-0.5239349,0.97336787,-0.18936928,0.60290766,0.14606941,-0.23172113,-0.012084006,-0.988493,0.12664308,-0.74284214,0.2131644,-0.46847352,0.7878607,-0.38900092,0.24056108,-1.1439009,0.099772096,-0.031410374,0.02219292,0.043791663,0.7586076,-0.22755434,0.035608366,0.04540145,0.183861,-0.10568548,0.2525479
,0.3190252,0.8974009,-0.62835217,-0.581646,0.17570369,-0.18986705,0.30733272,-0.9893652,-0.46392435,0.4901013,-1.118831,-0.018813886,0.25408515,-0.2819057,0.6734851,-0.08102302,-0.36416736,0.43261373,0.29701287,0.38476637,0.34003717,0.17104205,-0.40799236,0.28132614,0.29292908,-0.42597046,-1.3607486,-0.031716183,0.1240924,-0.35148403,-0.13588078,0.99897677,0.3833443,-0.397734,-1.0432453,-0.4219242,0.41030028,-0.5679855,1.0221845,-0.21063554,0.6463712,0.15256831,-0.23560068,-0.013698267,-1.0528266,0.1262867,-0.7879591,0.21865894,-0.50727224,0.8366112,-0.4086848,0.25257894,-1.2123789,0.10979603,-0.03703338,0.014094811,0.049989,0.80007166,-0.22929664,0.041204635,0.051843308,0.1960779,-0.1165912,0.27069792
,0.23060721,0.67803806,-0.4799936,-0.42306045,0.12287643,-0.1417473,0.23373514,-0.74379724,-0.3521646,0.36187452,-0.82599485,-0.021842925,0.19998187,-0.21522738,0.49886295,-0.057184137,-0.2650001,0.3260462,0.221162,0.29208574,0.25866273,0.12887496,-0.29530856,0.20327874,0.2156985,-0.31710112,-1.0248352,-0.013022013,0.09584219,-0.260438,-0.10022456,0.7381237,0.28286856,-0.30246562,-0.78379077,-0.3065238,0.30479875,-0.41659883,0.7593858,-0.15106153,0.4806708,0.116189376,-0.18377642,-7.466721e-05,-0.7807433,0.095527716,-0.5884406,0.16716036,-0.3716831,0.62762547,-0.30394083,0.18211308,-0.91251135,0.07089714,-0.017386971,0.021237815,0.04010846,0.60390264,-0.1731416,0.025300168,0.045323066,0.1398568,-0.08236233,0.19963641
,0.29489312,0.8706677,-0.61456835,-0.56189114,0.17568305,-0.18093702,0.30782416,-0.96797925,-0.45839173,0.47506633,-1.0745312,-0.025389552,0.24962133,-0.28473788,0.6574644,-0.07233418,-0.3599284,0.4296483,0.2858169,0.36722332,0.34289148,0.1762183,-0.3929421,0.27152243,0.28953406,-0.41347012,-1.326312,-0.024812238,0.12652323,-0.3519909,-0.12866952,0.9746165,0.3688864,-0.38137817,-1.0098121,-0.40152255,0.397599,-0.5503164,0.9895835,-0.1893126,0.62937135,0.1403807,-0.22753684,-0.012899619,-1.0241827,0.12624939,-0.752944,0.21551655,-0.48475868,0.81800413,-0.40516657,0.24791105,-1.1845288,0.10592038,-0.031391118,0.010932288,0.041802026,0.7810041,-0.22488031,0.04691912,0.051391564,0.1810353,-0.119868405,0.26841617
,0.2342371,0.65500647,-0.45623207,-0.42613173,0.13270307,-0.13346656,0.2289848,-0.72128105,-0.34358692,0.3461443,-0.8151215,-0.01938715,0.18564446,-0.20642994,0.48631206,-0.053423,-0.26615304,0.31305918,0.21124335,0.2811307,0.24986017,0.12623374,-0.28778386,0.19976586,0.2113353,-0.32011503,-0.9928078,-0.018059576,0.10272382,-0.2597642,-0.101155065,0.7320195,0.26970598,-0.29485306,-0.7648851,-0.31347606,0.30666706,-0.4048945,0.74956745,-0.14323646,0.46142784,0.11308501,-0.1758399,-0.0058739423,-0.77539325,0.09311859,-0.5760214,0.15774642,-0.36392495,0.6159918,-0.30063713,0.18809335,-0.8848237,0.07516562,-0.016753638,0.0063356347,0.034383733,0.5841823,-0.1700547,0.037847284,0.043183245,0.133946,-0.08150574,0.20715347
