,about,album,all,alone,always,and,and you,are,around,away,back,been,before,better,broken,but,can,cant,could,dont,down,even,ever,every,everything,eyes,fall,feel,find,float,float away,for,from,get,getting,got,had,have,here,hold,home,hope,how,ill,its,ive,just,keep,knees,know,last,left,let,lets,like,little,look,looking,lost,make,mind,more,much,myself,need,never,night,not,nothing,now,off,one,only,our,out,over,past,right,same,say,see,seems,something,stay,still,take,talk,than,that,thats,the,the past,the same,there,theres,these,things,think,this,through,time,too,too much,trying,used,want,was,way,well,were,what,when,where,while,who,will,with,without,woah,wont,words,would,year,you,you float,youll,your,youre
"""A Little Too Nice"" lyrics",0.0,0.0,0.16848273861070037,0.0,0.0,0.11807871430662119,0.22087709769564498,0.0,0.0,0.0,0.026223213969189182,0.02671237380092818,0.0,0.0,0.03740762275197391,0.02073233602119399,0.06280534106688852,0.0,0.17256603957121247,0.0,0.0,0.0,0.0,0.0,0.10912375627744404,0.0,0.0,0.0,0.0,0.0,0.0,0.0,0.0,0.0,0.0,0.0,0.0,0.032117679811718675,0.0,0.0,0.0,0.0,0.0,0.0,0.021060342326337547,0.0,0.12439401612716396,0.05150127811770725,0.0,0.0,0.18703811375986953,0.0,0.0,0.26505251723477397,0.02073233602119399,0.43367039720482375,0.0,0.0,0.0,0.0,0.0,0.0,0.0,0.0,0.0,0.13696328127062612,0.12289021580489617,0.023601836420129946,0.0,0.0,0.0,0.0,0.0,0.07704677612907672,0.1385456090983553,0.0,0.0,0.0,0.0,0.0,0.0,0.0,0.0,0.0,0.0,0.0,0.5782271962730983,0.0,0.0852508108802084,0.0,0.014140198396602981,0.0,0.0,0.0,0.0,0.0,0.0,0.0,0.21979845821892732,0.025750639058853626,0.0,0.27066674149024306,0.0,0.0,0.0,0.0,0.0,0.0,0.0,0.0,0.0,0.0,0.0,0.0,0.0,0.03637458542581468,0.0,0.0,0.0,0.0,0.03852338806453836,0.0,0.0,0.14068214646040914,0.0,0.0,0.02209337965249678,0.0
"""Looking Back"" lyrics",0.0,0.0,0.042951572877702425,0.0,0.0,0.10535698141147436,0.0,0.030035470717605244,0.0,0.0,0.18718351959874327,0.05447862395912541,0.11127637190820448,0.037092123969401494,0.0,0.12684785855912348,0.06404426248499012,0.0,0.03519402823566723,0.02289843306876056,0.025792511388027486,0.0,0.0,0.09398579528607001,0.0,0.0,0.034332273304730515,0.025341216245828434,0.17166136652365258,0.0,0.0,0.0,0.07737753416408245,0.09398579528607001,0.0,0.0,0.25277992384135656,0.032751245058599346,0.09398579528607001,0.0,0.0,0.0,0.05068243249165687,0.04733395430848849,0.10737893219425605,0.10136486498331373,0.0,0.0,0.0,0.048134829972781075,0.0,0.0,0.0,0.0,0.08456523903941565,0.0,0.14444567076648945,0.12156044059465623,0.0,0.06866454660946103,0.0,0.0,0.03611141769162236,0.08326879081011464,0.0,0.0,0.0,0.024067414986390537,0.0,0.06550249011719869,0.037092123969401494,0.06265719685738,0.0,0.0,0.02018265872776645,0.0,0.0,0.03351978914408304,0.0,0.0,0.027756263603371547,0.18018736090202409,0.07418424793880299,0.0,0.030035470717605244,0.12808852496998024,0.0,0.034332273304730515,0.03477299997944782,0.0,0.1009339323093847,0.0,0.0,0.0,0.03202213124249506,0.0,0.14077611294266892,0.0,0.049807618668670256,0.0,0.0,0.0,0.0,0.0,0.0,0.0,0.0,0.06866454660946103,0.0,0.0817179359386881,0.0,0.02289843306876056,0.0,0.0,0.03202213124249506,0.037092123969401494,0.02216931925265627,0.2026007343244271,0.7078672639736654,0.0,0.0,0.0,0.15258215748978465,0.11157789578732086,0.0,0.0,0.04505840368379176,0.0
"""Island (Acoustic)"" lyrics",0.0,0.0,0.0,0.0,0.021383885876298768,0.05247420599973088,0.09423151647134655,0.041886592407401536,0.0,0.26591005626359426,0.0,0.0,0.0,0.05172759544335864,0.0,0.014741527329394648,0.044657131295915045,0.0,0.0,0.1437006943496023,0.0,0.0,0.0,0.0,0.0,0.0,0.0,0.0,0.023939394056039242,0.49358553164322544,0.49358553164322544,0.04790023144986744,0.0,0.043689950639212924,0.0531966578741714,0.0,0.0,0.0,0.0,0.09423151647134655,0.0,0.0,0.017670060941889387,0.033005276824046796,0.0,0.0,0.05896610931757859,0.05492922973765399,0.0,0.0,0.0,0.0,0.0847623244517355,0.15705252745224427,0.13267374596455184,0.0,0.025179965520164393,0.0,0.0,0.0,0.0,0.0,0.0,0.0,0.0,0.03246213952784504,0.0,0.0,0.0,0.0,0.0,0.0,0.04567393218180441,0.054783366176751974,0.028146147858842067,0.0,0.0,0.02337286068630313,0.0,0.021383885876298768,0.0,0.1256420219617954,0.0,0.0,0.0,0.022328565647957523,0.0,0.0,0.012123353173119859,0.0,0.030162754582044517,0.0,0.0,0.0,0.0,0.0,0.07362084964850736,0.02337286068630313,0.0,0.0,0.041886592407401536,0.06415165762889631,0.0,0.0,0.0,0.0,0.0,0.0,0.0265983289370857,0.03798715089479918,0.0,0.06386697526648992,0.0,0.0,0.0,0.0,0.015458343373677791,0.0,0.0,0.0,0.0,0.0265983289370857,0.0,0.20006136353221096,0.49358553164322544,0.0,0.01570928426073311,0.0
"""I've Never Been Home"" lyrics",0.12667049900574484,0.0,0.09243296361418751,0.14776798876280178,0.0,0.19434095610826183,0.0,0.0,0.0,0.0,0.0,0.23447898778947857,0.0,0.0,0.0,0.0,0.0,0.0,0.0,0.09855611279676484,0.0,0.16418049522406603,0.0,0.0,0.0,0.12417299176546936,0.0,0.0,0.0,0.0,0.0,0.0,0.0,0.0,0.0,0.1514770292862966,0.0,0.0,0.0,0.0,0.3029540585725932,0.0,0.4362799426897664,0.0,0.09243296361418751,0.1090699856724416,0.09099335762874051,0.0,0.0,0.10358747513432565,0.0,0.0,0.0,0.0,0.0,0.0,0.0,0.0,0.0,0.0,0.0,0.0,0.0,0.0,0.0,0.100187687661146,0.0,0.10358747513432565,0.0,0.0,0.0,0.0,0.0,0.0,0.0,0.0,0.0,0.0,0.0,0.0,0.0,0.0,0.1596465375085943,0.0,0.0,0.0,0.0,0.0,0.299329801123537,0.2819263128212397,0.12412148137364969,0.0,0.0,0.0,0.275650021051766,0.0,0.0,0.2885420246780962,0.0,0.0,0.0,0.0,0.0,0.0,0.0,0.0,0.0,0.0,0.0,0.0,0.0,0.0,0.0,0.0,0.137825010525883,0.0,0.19083593382405592,0.0,0.0,0.0,0.0,0.0,0.0,0.13721068224337168,0.0,0.0,0.0,0.0
"""I Had A Heart"" lyrics",0.1635437531448034,0.0,0.0,0.0,0.0,0.2509127981745236,0.0,0.0,0.0,0.0,0.0,0.0,0.20611897897034434,0.0,0.0,0.058740572330012855,0.0,0.17409137114985523,0.0,0.0,0.0,0.0,0.0,0.0,0.0,0.0,0.0,0.21122970564178536,0.0,0.0,0.0,0.12724538632641294,0.0,0.0,0.0,0.0,0.1003346229230363,0.0,0.0,0.0,0.0,0.0,0.14081980376119024,0.13151614532431433,0.1790097209186295,0.0,0.058740572330012855,0.0,0.0,0.0668706786317045,0.10598637643678374,0.09539131710467061,0.0,0.0,0.11748114466002571,0.0,0.0,0.0,0.0,0.0,0.0,0.0,0.0,0.0,0.0,0.0,0.08704568557492762,0.0,0.10305948948517217,0.0,0.0,0.08704568557492762,0.0,0.0,0.16823095706136454,0.19078263420934122,0.0,0.0,0.0,0.0,0.07712004735396374,0.0,0.0,0.0,0.08345276428917266,0.0,0.0,0.09539131710467061,0.0,0.09099847176525759,0.20031590888438486,0.0,0.0,0.0,0.0,0.0,0.0,0.0,0.13838915659561013,0.0,0.250358292867518,0.0,0.0,0.0,0.09099847176525759,0.0,0.34818274229971047,0.0,0.0,0.0,0.16031923195962636,0.0,0.0,0.0,0.17794529646245943,0.0,0.0,0.0,0.0,0.0,0.0,0.10598637643678374,0.42394550574713497,0.17715213977819988,0.0,0.0,0.0,0.0
"""Cheap Talk And Eager Lies"" lyrics",0.037731265309831015,0.0,0.0,0.0,0.0,0.1929607454785636,0.0,0.0,0.0,0.17461028746449087,0.10284768317918357,0.0,0.0,0.0,0.0,0.0,0.0,0.0,0.0,0.0880705500261363,0.09920157670517493,0.14671303593075127,0.0,0.0,0.0,0.11096200299343338,0.08803112377502421,0.0,0.0,0.0,0.0,0.11742740003484839,0.0,0.0,0.14671303593075127,0.13536111466854864,0.0,0.0,0.0,0.0,0.0,0.1426614541620967,0.06497722199009763,0.0,0.05506590249309262,0.0,0.027104136678001368,0.2019884801838709,0.0,0.061711077760757925,0.04890434531025043,0.0,0.0,0.0,0.027104136678001368,0.0,0.0,0.0,0.0,0.04401556188751211,0.0,0.0,0.0,0.0,0.04890434531025043,0.08952853869510076,0.0,0.15427769440189482,0.1426614541620967,0.0,0.0,0.12049413542304112,0.0,0.0,0.1552506103633058,0.08803112377502421,0.08594783924922646,0.0,0.0,0.0,0.0,0.0,0.0,0.311692211498858,0.0,0.08210770588732734,0.3149739321604957,0.04401556188751211,0.06687089079529232,0.12596583170953846,0.2772899322129867,0.0,0.0,0.0,0.123161558830991,0.1320466856625363,0.09024074311236575,0.04297391962461323,0.1277113404359617,0.033664746697311815,0.0,0.0,0.0,0.15108907761289522,0.0,0.04016471180768037,0.0,0.17606224755004843,0.0,0.0,0.0,0.1761411000522726,0.0,0.0,0.0,0.0,0.0,0.0,0.0,0.0,0.2014521034838603,0.14671303593075127,0.0,0.326966906782788,0.0,0.0,0.05776695700552903,0.0
"""Take A Hint"" lyrics",0.0,0.025070751162657227,0.02428645154570075,0.0,0.0,0.03404162345927428,0.0,0.0,0.039800082007580166,0.030804284276784007,0.030240192944955297,0.0,0.0,0.0,0.0,0.0,0.036213059811584146,0.0,0.0,0.025895288481303843,0.0,0.0,0.0,0.0,0.0,0.0,0.0,0.028657773358653247,0.0,0.0,0.0,0.051790576962607686,0.0,0.0,0.0,0.0,0.0,0.0,0.0,0.0,0.0,0.0,0.0,0.026764416545413654,0.02428645154570075,0.0,0.0,0.0,0.0,0.0,0.0,0.0,0.0,0.0,0.02390819989560335,0.11113373314870148,0.0,0.0,0.31840065606064133,0.0,0.0,0.0,0.0,0.03138889246325731,0.0,0.0,0.0,0.0,0.0,0.0,0.0,0.0,0.0,0.0,0.0228240844474301,0.0,0.0,0.0,0.0,0.27744762487717856,0.18833335477954388,0.0,0.0,0.27493957055144536,0.0,0.21727835886950486,0.0,0.0,0.09830987813928545,0.0,0.22828752402885583,0.0,0.0,0.0,0.0,0.0,0.0,0.0,0.0,0.05939045416100178,0.0,0.03468095310964732,0.0,0.0,0.0,0.2834300815570213,0.0,0.0,0.5607923766511516,0.24643427421427205,0.3262603761558812,0.0,0.0,0.0,0.0,0.0,0.0,0.0,0.0,0.0,0.044424557925423824,0.0,0.0,0.07210329422662166,0.0,0.0,0.025477733747001487,0.0
"""Ripcord"" lyrics",0.0,0.03384716751889616,0.19672986786242633,0.0,0.0,0.022979218380130895,0.0,0.045856870808781224,0.10746547115691532,0.0,0.0,0.0,0.0,0.0,0.0,0.06455529327314924,0.0,0.23915581418248666,0.0,0.0,0.0393789021545622,0.0,0.0,0.0,0.0,0.0,0.15725113513043568,0.0,0.0,0.0,0.0,0.034960347278399445,0.0,0.0,0.0,0.0,0.0,0.0,0.04783116283649733,0.0,0.0,0.05663066688317773,0.03868988405236471,0.0,0.06557662262080877,0.0,0.03227764663657462,0.0,0.0,0.03674509882361623,0.0,0.0,0.0,0.0,0.09683293990972386,0.0,0.055133366524401664,0.0,0.0,0.0,0.0,0.17992824917361064,0.0,0.0,0.1747169292647273,0.0,0.09566232567299467,0.0,0.0,0.3500223916314467,0.0,0.0,0.15000959641347716,0.3598564983472213,0.3081401928268827,0.0,0.0,0.15352973703356948,0.0,0.0,0.0,0.0,0.0,0.0,0.09171374161756245,0.0,0.0,0.0,0.07963489149297548,0.0,0.2641741828320945,0.0,0.0,0.0,0.0,0.0,0.05373273557845766,0.0,0.0,0.0,0.045856870808781224,0.0,0.0,0.0,0.0,0.0,0.0,0.0,0.0,0.0,0.04404730251152055,0.27968277822719556,0.10235315802237965,0.058238976421575765,0.0,0.05663066688317773,0.06769433503779232,0.0,0.0,0.0,0.11995216611574043,0.0,0.0,0.2920326075416309,0.0,0.0,0.20637972509281455,0.17973292612710906
"""Get By"" lyrics",0.0,0.020391382813986114,0.0,0.0,0.11283149621238009,0.06921968263575345,0.0,0.08288005252947604,0.0,0.1503286317007615,0.12297983149939823,0.025054771950126918,0.03411740751368678,0.3411740751368678,0.14034536417194327,0.0,0.02945401837754598,0.0,0.0,0.08424809246041037,0.02372400196205156,0.0,0.0,0.0,0.0,0.0,0.0,0.0,0.0,0.0,0.0,0.021062023115102593,0.07117200588615469,0.4898737943721394,0.0,0.0,0.0,0.03012465867866245,0.028816105551302318,0.331473367541929,0.0,0.13646963005474713,0.023308899815621398,0.08707572581764934,0.0,0.023308899815621398,0.0,0.0,0.0,0.0,0.0,0.031578891523575944,0.0,0.0,0.0,0.0,0.0,0.0,0.0,0.0,0.0,0.0,0.0,0.025530265055587736,0.0,0.0,0.0,0.04427450989698327,0.0,0.0,0.0,0.057632211102604636,0.0602493173573249,0.0,0.0742561944517286,0.12631556609430378,0.0,0.0,0.0,0.22566299242476018,0.025530265055587736,0.0,0.0,0.0,0.0,0.0,0.0,0.0,0.0,0.0,0.05305098660219074,0.0,0.0,0.031578891523575944,0.11781607351018392,0.0,0.0,0.0,0.0,0.0,0.0,0.028207874053095022,0.0,0.0,0.0,0.0,0.0,0.0,0.0,0.050109543900253836,0.15921900825546417,0.10531011557551297,0.0,0.35086341042985814,0.0,0.0,0.0,0.0,0.0,0.035086341042985816,0.0,0.0,0.0,0.2785659615713422,0.0,0.2456043873009007,0.020722403517041493,0.054140466833593595
"""Composure"" lyrics",0.0,0.05732756048113352,0.0,0.0,0.0,0.2335219094644805,0.0,0.0,0.0,0.0,0.0,0.2113141076425804,0.0,0.0,0.0,0.3826846418093019,0.0,0.0,0.09100810716202717,0.0,0.0,0.0,0.0,0.1620250131040609,0.0,0.0,0.0,0.0,0.0,0.0,0.0,0.0,0.0,0.0,0.0,0.0,0.0,0.0,0.0,0.0,0.0,0.0,0.0,0.3672020909851738,0.05553415654861104,0.06552975715860776,0.0,0.20370609345691154,0.0,0.0,0.0,0.0,0.0,0.0,0.054669234544185985,0.0,0.0,0.0,0.0,0.0,0.0,0.0,0.0,0.0,0.0,0.0601932309997192,0.0,0.1244716784067718,0.0,0.0,0.0,0.0,0.25407396959710205,0.0,0.31314157436227374,0.0887796982803575,0.0,0.0,0.0,0.0,0.07177481916869928,0.0,0.0,0.0,0.0,0.0,0.0,0.0,0.04495968587744072,0.0,0.41015021367609517,0.0,0.0,0.0,0.0,0.0,0.0,0.0,0.0,0.13580406230460768,0.0,0.0,0.0,0.0,0.08469132319903401,0.0,0.0,0.0,0.0,0.2113141076425804,0.0,0.0,0.0,0.0,0.0,0.0,0.0,0.0,0.0,0.0,0.30474773349959244,0.0,0.0,0.041218409590599525,0.0,0.0,0.0,0.0
"""Unconditional Love"" lyrics",0.0,0.05314538719132181,0.02574140803611129,0.0,0.0,0.07216198859087414,0.0,0.0,0.0,0.0,0.0,0.0,0.0,0.0,0.0,0.17738347219415387,0.0,0.03755123183258488,0.0,0.027446627423348503,0.18549324704984674,0.0,0.0,0.0,0.0,0.0,0.0,0.0,0.0,0.0,0.0,0.0,0.0,0.0,0.0,0.0,0.0,0.0,0.0,0.05399425526436227,0.0,0.0,0.0,0.0,0.05148281607222258,0.0,0.0,0.031474213331073086,0.0,0.05769559604283704,0.0,0.0,0.8256636296293614,0.0,0.0,0.0,0.0,0.0,0.12655329440366603,0.04115151072398322,0.0,0.0,0.04328403712754668,0.0,0.0,0.167406001978553,0.0,0.02884779802141852,0.0,0.03925645121982209,0.0,0.0,0.0,0.0,0.024191433223844712,0.0,0.0,0.0,0.0,0.036758625005253544,0.033269343081178036,0.0,0.0,0.0,0.0,0.038382517392134496,0.0,0.0,0.04167977660139821,0.0,0.12098190413948309,0.0,0.0,0.0,0.0,0.0,0.0,0.0,0.0,0.031474213331073086,0.10800377106095493,0.036758625005253544,0.051987470938713046,0.0,0.03925645121982209,0.0,0.0,0.0,0.0,0.032649712097172705,0.06916120663276064,0.08233988227004552,0.0,0.04572218561306435,0.0,0.0,0.0,0.0,0.0,0.0,0.0,0.0,0.0,0.22926860854201034,0.0,0.2743331136783861,0.0,0.0
"""A Little Too Nice"" lyrics",0.0,0.0,0.16848273861070037,0.0,0.0,0.11807871430662119,0.22087709769564498,0.0,0.0,0.0,0.026223213969189182,0.02671237380092818,0.0,0.0,0.03740762275197391,0.02073233602119399,0.06280534106688852,0.0,0.17256603957121247,0.0,0.0,0.0,0.0,0.0,0.10912375627744404,0.0,0.0,0.0,0.0,0.0,0.0,0.0,0.0,0.0,0.0,0.0,0.0,0.032117679811718675,0.0,0.0,0.0,0.0,0.0,0.0,0.021060342326337547,0.0,0.12439401612716396,0.05150127811770725,0.0,0.0,0.18703811375986953,0.0,0.0,0.26505251723477397,0.02073233602119399,0.43367039720482375,0.0,0.0,0.0,0.0,0.0,0.0,0.0,0.0,0.0,0.13696328127062612,0.12289021580489617,0.023601836420129946,0.0,0.0,0.0,0.0,0.0,0.07704677612907672,0.1385456090983553,0.0,0.0,0.0,0.0,0.0,0.0,0.0,0.0,0.0,0.0,0.0,0.5782271962730983,0.0,0.0852508108802084,0.0,0.014140198396602981,0.0,0.0,0.0,0.0,0.0,0.0,0.0,0.21979845821892732,0.025750639058853626,0.0,0.27066674149024306,0.0,0.0,0.0,0.0,0.0,0.0,0.0,0.0,0.0,0.0,0.0,0.0,0.0,0.03637458542581468,0.0,0.0,0.0,0.0,0.03852338806453836,0.0,0.0,0.14068214646040914,0.0,0.0,0.02209337965249678,0.0
"""Looking Back"" lyrics",0.0,0.0,0.042951572877702425,0.0,0.0,0.10535698141147436,0.0,0.030035470717605244,0.0,0.0,0.18718351959874327,0.05447862395912541,0.11127637190820448,0.037092123969401494,0.0,0.12684785855912348,0.06404426248499012,0.0,0.03519402823566723,0.02289843306876056,0.025792511388027486,0.0,0.0,0.09398579528607001,0.0,0.0,0.034332273304730515,0.025341216245828434,0.17166136652365258,0.0,0.0,0.0,0.07737753416408245,0.09398579528607001,0.0,0.0,0.25277992384135656,0.032751245058599346,0.09398579528607001,0.0,0.0,0.0,0.05068243249165687,0.04733395430848849,0.10737893219425605,0.10136486498331373,0.0,0.0,0.0,0.048134829972781075,0.0,0.0,0.0,0.0,0.08456523903941565,0.0,0.14444567076648945,0.12156044059465623,0.0,0.06866454660946103,0.0,0.0,0.03611141769162236,0.08326879081011464,0.0,0.0,0.0,0.024067414986390537,0.0,0.06550249011719869,0.037092123969401494,0.06265719685738,0.0,0.0,0.02018265872776645,0.0,0.0,0.03351978914408304,0.0,0.0,0.027756263603371547,0.18018736090202409,0.07418424793880299,0.0,0.030035470717605244,0.12808852496998024,0.0,0.034332273304730515,0.03477299997944782,0.0,0.1009339323093847,0.0,0.0,0.0,0.03202213124249506,0.0,0.14077611294266892,0.0,0.049807618668670256,0.0,0.0,0.0,0.0,0.0,0.0,0.0,0.0,0.06866454660946103,0.0,0.0817179359386881,0.0,0.02289843306876056,0.0,0.0,0.03202213124249506,0.037092123969401494,0.02216931925265627,0.2026007343244271,0.7078672639736654,0.0,0.0,0.0,0.15258215748978465,0.11157789578732086,0.0,0.0,0.04505840368379176,0.0
"""I've Never Been Home"" lyrics",0.12667049900574484,0.0,0.09243296361418751,0.14776798876280178,0.0,0.19434095610826183,0.0,0.0,0.0,0.0,0.0,0.23447898778947857,0.0,0.0,0.0,0.0,0.0,0.0,0.0,0.09855611279676484,0.0,0.16418049522406603,0.0,0.0,0.0,0.12417299176546936,0.0,0.0,0.0,0.0,0.0,0.0,0.0,0.0,0.0,0.1514770292862966,0.0,0.0,0.0,0.0,0.3029540585725932,0.0,0.4362799426897664,0.0,0.09243296361418751,0.1090699856724416,0.09099335762874051,0.0,0.0,0.10358747513432565,0.0,0.0,0.0,0.0,0.0,0.0,0.0,0.0,0.0,0.0,0.0,0.0,0.0,0.0,0.0,0.100187687661146,0.0,0.10358747513432565,0.0,0.0,0.0,0.0,0.0,0.0,0.0,0.0,0.0,0.0,0.0,0.0,0.0,0.0,0.1596465375085943,0.0,0.0,0.0,0.0,0.0,0.299329801123537,0.2819263128212397,0.12412148137364969,0.0,0.0,0.0,0.275650021051766,0.0,0.0,0.2885420246780962,0.0,0.0,0.0,0.0,0.0,0.0,0.0,0.0,0.0,0.0,0.0,0.0,0.0,0.0,0.0,0.0,0.137825010525883,0.0,0.19083593382405592,0.0,0.0,0.0,0.0,0.0,0.0,0.13721068224337168,0.0,0.0,0.0,0.0
"""Island (Acoustic)"" lyrics",0.0,0.0,0.0,0.0,0.021383885876298768,0.05247420599973088,0.09423151647134655,0.041886592407401536,0.0,0.26591005626359426,0.0,0.0,0.0,0.05172759544335864,0.0,0.014741527329394648,0.044657131295915045,0.0,0.0,0.1437006943496023,0.0,0.0,0.0,0.0,0.0,0.0,0.0,0.0,0.023939394056039242,0.49358553164322544,0.49358553164322544,0.04790023144986744,0.0,0.043689950639212924,0.0531966578741714,0.0,0.0,0.0,0.0,0.09423151647134655,0.0,0.0,0.017670060941889387,0.033005276824046796,0.0,0.0,0.05896610931757859,0.05492922973765399,0.0,0.0,0.0,0.0,0.0847623244517355,0.15705252745224427,0.13267374596455184,0.0,0.025179965520164393,0.0,0.0,0.0,0.0,0.0,0.0,0.0,0.0,0.03246213952784504,0.0,0.0,0.0,0.0,0.0,0.0,0.04567393218180441,0.054783366176751974,0.028146147858842067,0.0,0.0,0.02337286068630313,0.0,0.021383885876298768,0.0,0.1256420219617954,0.0,0.0,0.0,0.022328565647957523,0.0,0.0,0.012123353173119859,0.0,0.030162754582044517,0.0,0.0,0.0,0.0,0.0,0.07362084964850736,0.02337286068630313,0.0,0.0,0.041886592407401536,0.06415165762889631,0.0,0.0,0.0,0.0,0.0,0.0,0.0265983289370857,0.03798715089479918,0.0,0.06386697526648992,0.0,0.0,0.0,0.0,0.015458343373677791,0.0,0.0,0.0,0.0,0.0265983289370857,0.0,0.20006136353221096,0.49358553164322544,0.0,0.01570928426073311,0.0
"""I Had A Heart"" lyrics",0.1635437531448034,0.0,0.0,0.0,0.0,0.2509127981745236,0.0,0.0,0.0,0.0,0.0,0.0,0.20611897897034434,0.0,0.0,0.058740572330012855,0.0,0.17409137114985523,0.0,0.0,0.0,0.0,0.0,0.0,0.0,0.0,0.0,0.21122970564178536,0.0,0.0,0.0,0.12724538632641294,0.0,0.0,0.0,0.0,0.1003346229230363,0.0,0.0,0.0,0.0,0.0,0.14081980376119024,0.13151614532431433,0.1790097209186295,0.0,0.058740572330012855,0.0,0.0,0.0668706786317045,0.10598637643678374,0.09539131710467061,0.0,0.0,0.11748114466002571,0.0,0.0,0.0,0.0,0.0,0.0,0.0,0.0,0.0,0.0,0.0,0.08704568557492762,0.0,0.10305948948517217,0.0,0.0,0.08704568557492762,0.0,0.0,0.16823095706136454,0.19078263420934122,0.0,0.0,0.0,0.0,0.07712004735396374,0.0,0.0,0.0,0.08345276428917266,0.0,0.0,0.09539131710467061,0.0,0.09099847176525759,0.20031590888438486,0.0,0.0,0.0,0.0,0.0,0.0,0.0,0.13838915659561013,0.0,0.250358292867518,0.0,0.0,0.0,0.09099847176525759,0.0,0.34818274229971047,0.0,0.0,0.0,0.16031923195962636,0.0,0.0,0.0,0.17794529646245943,0.0,0.0,0.0,0.0,0.0,0.0,0.10598637643678374,0.42394550574713497,0.17715213977819988,0.0,0.0,0.0,0.0
"""Cheap Talk And Eager Lies"" lyrics",0.037731265309831015,0.0,0.0,0.0,0.0,0.1929607454785636,0.0,0.0,0.0,0.17461028746449087,0.10284768317918357,0.0,0.0,0.0,0.0,0.0,0.0,0.0,0.0,0.0880705500261363,0.09920157670517493,0.14671303593075127,0.0,0.0,0.0,0.11096200299343338,0.08803112377502421,0.0,0.0,0.0,0.0,0.11742740003484839,0.0,0.0,0.14671303593075127,0.13536111466854864,0.0,0.0,0.0,0.0,0.0,0.1426614541620967,0.06497722199009763,0.0,0.05506590249309262,0.0,0.027104136678001368,0.2019884801838709,0.0,0.061711077760757925,0.04890434531025043,0.0,0.0,0.0,0.027104136678001368,0.0,0.0,0.0,0.0,0.04401556188751211,0.0,0.0,0.0,0.0,0.04890434531025043,0.08952853869510076,0.0,0.15427769440189482,0.1426614541620967,0.0,0.0,0.12049413542304112,0.0,0.0,0.1552506103633058,0.08803112377502421,0.08594783924922646,0.0,0.0,0.0,0.0,0.0,0.0,0.311692211498858,0.0,0.08210770588732734,0.3149739321604957,0.04401556188751211,0.06687089079529232,0.12596583170953846,0.2772899322129867,0.0,0.0,0.0,0.123161558830991,0.1320466856625363,0.09024074311236575,0.04297391962461323,0.1277113404359617,0.033664746697311815,0.0,0.0,0.0,0.15108907761289522,0.0,0.04016471180768037,0.0,0.17606224755004843,0.0,0.0,0.0,0.1761411000522726,0.0,0.0,0.0,0.0,0.0,0.0,0.0,0.0,0.2014521034838603,0.14671303593075127,0.0,0.326966906782788,0.0,0.0,0.05776695700552903,0.0
"""Take A Hint"" lyrics",0.0,0.025070751162657227,0.02428645154570075,0.0,0.0,0.03404162345927428,0.0,0.0,0.039800082007580166,0.030804284276784007,0.030240192944955297,0.0,0.0,0.0,0.0,0.0,0.036213059811584146,0.0,0.0,0.025895288481303843,0.0,0.0,0.0,0.0,0.0,0.0,0.0,0.028657773358653247,0.0,0.0,0.0,0.051790576962607686,0.0,0.0,0.0,0.0,0.0,0.0,0.0,0.0,0.0,0.0,0.0,0.026764416545413654,0.02428645154570075,0.0,0.0,0.0,0.0,0.0,0.0,0.0,0.0,0.0,0.02390819989560335,0.11113373314870148,0.0,0.0,0.31840065606064133,0.0,0.0,0.0,0.0,0.03138889246325731,0.0,0.0,0.0,0.0,0.0,0.0,0.0,0.0,0.0,0.0,0.0228240844474301,0.0,0.0,0.0,0.0,0.27744762487717856,0.18833335477954388,0.0,0.0,0.27493957055144536,0.0,0.21727835886950486,0.0,0.0,0.09830987813928545,0.0,0.22828752402885583,0.0,0.0,0.0,0.0,0.0,0.0,0.0,0.0,0.05939045416100178,0.0,0.03468095310964732,0.0,0.0,0.0,0.2834300815570213,0.0,0.0,0.5607923766511516,0.24643427421427205,0.3262603761558812,0.0,0.0,0.0,0.0,0.0,0.0,0.0,0.0,0.0,0.044424557925423824,0.0,0.0,0.07210329422662166,0.0,0.0,0.025477733747001487,0.0
"""Ripcord"" lyrics",0.0,0.03384716751889616,0.19672986786242633,0.0,0.0,0.022979218380130895,0.0,0.045856870808781224,0.10746547115691532,0.0,0.0,0.0,0.0,0.0,0.0,0.06455529327314924,0.0,0.23915581418248666,0.0,0.0,0.0393789021545622,0.0,0.0,0.0,0.0,0.0,0.15725113513043568,0.0,0.0,0.0,0.0,0.034960347278399445,0.0,0.0,0.0,0.0,0.0,0.0,0.04783116283649733,0.0,0.0,0.05663066688317773,0.03868988405236471,0.0,0.06557662262080877,0.0,0.03227764663657462,0.0,0.0,0.03674509882361623,0.0,0.0,0.0,0.0,0.09683293990972386,0.0,0.055133366524401664,0.0,0.0,0.0,0.0,0.17992824917361064,0.0,0.0,0.1747169292647273,0.0,0.09566232567299467,0.0,0.0,0.3500223916314467,0.0,0.0,0.15000959641347716,0.3598564983472213,0.3081401928268827,0.0,0.0,0.15352973703356948,0.0,0.0,0.0,0.0,0.0,0.0,0.09171374161756245,0.0,0.0,0.0,0.07963489149297548,0.0,0.2641741828320945,0.0,0.0,0.0,0.0,0.0,0.05373273557845766,0.0,0.0,0.0,0.045856870808781224,0.0,0.0,0.0,0.0,0.0,0.0,0.0,0.0,0.0,0.04404730251152055,0.27968277822719556,0.10235315802237965,0.058238976421575765,0.0,0.05663066688317773,0.06769433503779232,0.0,0.0,0.0,0.11995216611574043,0.0,0.0,0.2920326075416309,0.0,0.0,0.20637972509281455,0.17973292612710906
"""Get By"" lyrics",0.0,0.020391382813986114,0.0,0.0,0.11283149621238009,0.06921968263575345,0.0,0.08288005252947604,0.0,0.1503286317007615,0.12297983149939823,0.025054771950126918,0.03411740751368678,0.3411740751368678,0.14034536417194327,0.0,0.02945401837754598,0.0,0.0,0.08424809246041037,0.02372400196205156,0.0,0.0,0.0,0.0,0.0,0.0,0.0,0.0,0.0,0.0,0.021062023115102593,0.07117200588615469,0.4898737943721394,0.0,0.0,0.0,0.03012465867866245,0.028816105551302318,0.331473367541929,0.0,0.13646963005474713,0.023308899815621398,0.08707572581764934,0.0,0.023308899815621398,0.0,0.0,0.0,0.0,0.0,0.031578891523575944,0.0,0.0,0.0,0.0,0.0,0.0,0.0,0.0,0.0,0.0,0.0,0.025530265055587736,0.0,0.0,0.0,0.04427450989698327,0.0,0.0,0.0,0.057632211102604636,0.0602493173573249,0.0,0.0742561944517286,0.12631556609430378,0.0,0.0,0.0,0.22566299242476018,0.025530265055587736,0.0,0.0,0.0,0.0,0.0,0.0,0.0,0.0,0.0,0.05305098660219074,0.0,0.0,0.031578891523575944,0.11781607351018392,0.0,0.0,0.0,0.0,0.0,0.0,0.028207874053095022,0.0,0.0,0.0,0.0,0.0,0.0,0.0,0.050109543900253836,0.15921900825546417,0.10531011557551297,0.0,0.35086341042985814,0.0,0.0,0.0,0.0,0.0,0.035086341042985816,0.0,0.0,0.0,0.2785659615713422,0.0,0.2456043873009007,0.020722403517041493,0.054140466833593595
"""Composure"" lyrics",0.0,0.05732756048113352,0.0,0.0,0.0,0.2335219094644805,0.0,0.0,0.0,0.0,0.0,0.2113141076425804,0.0,0.0,0.0,0.3826846418093019,0.0,0.0,0.09100810716202717,0.0,0.0,0.0,0.0,0.1620250131040609,0.0,0.0,0.0,0.0,0.0,0.0,0.0,0.0,0.0,0.0,0.0,0.0,0.0,0.0,0.0,0.0,0.0,0.0,0.0,0.3672020909851738,0.05553415654861104,0.06552975715860776,0.0,0.20370609345691154,0.0,0.0,0.0,0.0,0.0,0.0,0.054669234544185985,0.0,0.0,0.0,0.0,0.0,0.0,0.0,0.0,0.0,0.0,0.0601932309997192,0.0,0.1244716784067718,0.0,0.0,0.0,0.0,0.25407396959710205,0.0,0.31314157436227374,0.0887796982803575,0.0,0.0,0.0,0.0,0.07177481916869928,0.0,0.0,0.0,0.0,0.0,0.0,0.0,0.04495968587744072,0.0,0.41015021367609517,0.0,0.0,0.0,0.0,0.0,0.0,0.0,0.0,0.13580406230460768,0.0,0.0,0.0,0.0,0.08469132319903401,0.0,0.0,0.0,0.0,0.2113141076425804,0.0,0.0,0.0,0.0,0.0,0.0,0.0,0.0,0.0,0.0,0.30474773349959244,0.0,0.0,0.041218409590599525,0.0,0.0,0.0,0.0
"""Unconditional Love"" lyrics",0.0,0.05314538719132181,0.02574140803611129,0.0,0.0,0.07216198859087414,0.0,0.0,0.0,0.0,0.0,0.0,0.0,0.0,0.0,0.17738347219415387,0.0,0.03755123183258488,0.0,0.027446627423348503,0.18549324704984674,0.0,0.0,0.0,0.0,0.0,0.0,0.0,0.0,0.0,0.0,0.0,0.0,0.0,0.0,0.0,0.0,0.0,0.0,0.05399425526436227,0.0,0.0,0.0,0.0,0.05148281607222258,0.0,0.0,0.031474213331073086,0.0,0.05769559604283704,0.0,0.0,0.8256636296293614,0.0,0.0,0.0,0.0,0.0,0.12655329440366603,0.04115151072398322,0.0,0.0,0.04328403712754668,0.0,0.0,0.167406001978553,0.0,0.02884779802141852,0.0,0.03925645121982209,0.0,0.0,0.0,0.0,0.024191433223844712,0.0,0.0,0.0,0.0,0.036758625005253544,0.033269343081178036,0.0,0.0,0.0,0.0,0.038382517392134496,0.0,0.0,0.04167977660139821,0.0,0.12098190413948309,0.0,0.0,0.0,0.0,0.0,0.0,0.0,0.0,0.031474213331073086,0.10800377106095493,0.036758625005253544,0.051987470938713046,0.0,0.03925645121982209,0.0,0.0,0.0,0.0,0.032649712097172705,0.06916120663276064,0.08233988227004552,0.0,0.04572218561306435,0.0,0.0,0.0,0.0,0.0,0.0,0.0,0.0,0.0,0.22926860854201034,0.0,0.2743331136783861,0.0,0.0
"""Hear What You Want"" lyrics",0.0,0.028039959552626285,0.0,0.0,0.038788328125146224,0.03807328064128956,0.0,0.0,0.0,0.0,0.06764326936507231,0.10335759940713447,0.0,0.0,0.0,0.0,0.0,0.47549640443326746,0.0,0.0,0.032622606397545974,0.0,0.0,0.0,0.0,0.036490042486887836,0.0,0.0,0.0,0.0,0.0,0.0,0.0,0.11887410110831687,0.0,0.0,0.0,0.08284815390813081,0.4358717040638285,0.0,0.0,0.0,0.0,0.05986842217163936,0.0,0.0,0.0,0.0,0.0,0.0,0.0,0.0,0.0,0.0,0.0,0.0,0.0,0.0,0.13354119496978095,0.0,0.0,0.0,0.0,0.035106378319547146,0.0,0.029441611476376646,0.0,0.18264413130515147,0.0,0.0,0.0,0.0,0.16569630781626163,0.0,0.0,0.0,0.0,0.0,0.0,0.0,0.2106382699172829,0.056975659175708106,0.0,0.0,0.0,0.0,0.0,0.0,0.0,0.0,0.018237452703943932,0.0,0.0,0.0,0.0,0.0,0.0,0.0,0.0,0.0,0.0,0.0,0.0,0.0,0.0,0.15849880147775583,0.0,0.0,0.14474049053017457,0.0,0.218940254921327,0.0,0.0,0.0,0.04050188707174074,0.0,0.028039959552626285,0.0,0.0,0.0,0.0,0.19298732070689942,0.0,0.5241776508392195,0.0,0.0,0.02849514237222342,0.0
"""Smiling On The Surface"" lyrics",0.18544377794171982,0.09312701540123132,0.04510684048642629,0.0,0.0,0.18967489874595847,0.0,0.0,0.0,0.0,0.0,0.0,0.0,0.0,0.0,0.0,0.0,0.0,0.0,0.09618981551736294,0.0,0.0,0.0,0.0,0.0,0.24238328463278433,0.0,0.0,0.0,0.0,0.0,0.0,0.05417350839452301,0.0,0.0,0.0,0.0,0.0,0.0,0.0,0.0,0.0,0.05322562701893597,0.2982547529978592,0.0,0.0,0.0,0.33091483997351784,0.0,0.10110037663140546,0.0,0.0,0.0,0.0,0.0,0.0,0.0,0.0,0.0,0.0,0.08250902542314068,0.0,0.0,0.29149045563973586,0.0,0.0,0.0,0.0,0.0,0.0,0.07790674040992376,0.0,0.06878934053458219,0.0,0.0,0.0,0.0,0.07040355827554393,0.0,0.0,0.0,0.0,0.0,0.0,0.0,0.0,0.0,0.0,0.0,0.0,0.6662775276893622,0.0,0.0,0.0,0.0,0.0,0.0,0.0,0.10461383180045428,0.16545741998675892,0.0,0.0,0.0,0.0,0.06878934053458219,0.0,0.06580127326232701,0.0,0.0,0.0,0.12119164231639216,0.04809490775868147,0.0,0.0,0.0,0.0,0.139690523101847,0.0,0.0,0.0,0.0,0.0,0.0,0.03347907561862228,0.0,0.0,0.0,0.0
"""From The Outside"" lyrics",0.0,0.046838180173286725,0.04537292025624187,0.0,0.0,0.0,0.0,0.0,0.0,0.0,0.0,0.0,0.1567326056058805,0.0,0.08059190386370398,0.0446662553931446,0.0,0.0,0.07435610524343962,0.0,0.0,0.0,0.08560885058652137,0.0661894269759191,0.0,0.0,0.0,0.05353959852376239,0.0,0.0,0.0,0.048378613774171124,0.3814514993546601,0.1323788539518382,0.0,0.0,0.0,0.0,0.0,0.0,0.0,0.0,0.0,0.10000470717879466,0.0,0.0,0.0,0.0,0.0,0.05084837773278735,0.0,0.0,0.0,0.0,0.0,0.0,0.0,0.08560885058652137,0.0,0.0,0.0,0.0,0.0,0.05864198448205341,0.0,0.14753853339206505,0.0,0.0,0.0,0.0,0.23509890840882075,0.0,0.0,0.0,0.04264086754733423,0.0,0.0,0.0,0.0,0.0,0.0,0.0,0.0,0.0,0.31728687133505734,0.13530937378592792,0.0,0.0,0.03673328936358579,0.0,0.7311358012875141,0.0,0.0,0.0,0.0,0.07253543442082987,0.0,0.0,0.05261546803982299,0.0,0.0,0.0,0.0,0.0,0.0,0.0,0.0,0.0,0.0,0.05754979608326302,0.0,0.0,0.0,0.0,0.0,0.0,0.09367636034657345,0.0,0.0,0.0,0.0,0.0,0.0,0.0,0.0,0.0,0.0,0.0
"""Stand Steady"" lyrics",0.0,0.04043444208266283,0.0,0.0,0.0,0.0,0.0,0.054781452119284646,0.0,0.0,0.3414025074828362,0.0,0.0,0.067652024912042,0.0,0.03855946388313313,0.23361962473122946,0.0,0.0,0.0,0.0,0.0,0.07390436814576033,0.11427995458580338,0.0,0.0,0.0,0.0,0.0,0.0,0.0,0.041764266874888045,0.0,0.05713997729290169,0.0,0.0,0.0,0.0,0.11427995458580338,0.0,0.0,0.0,0.0462196393546641,0.0,0.27418659234930015,0.32353747548264866,0.0,0.0,0.0,0.0,0.0,0.0,0.0,0.0,0.23135678329879877,0.0,0.0,0.5173305770203223,0.0,0.0,0.07164851993581285,0.0,0.06586332266381159,0.0,0.0,0.04245566516697461,0.0,0.043896363539896205,0.0,0.0,0.0,0.0,0.0,0.0,0.0736219760382802,0.0,0.18340941695001764,0.0,0.0,0.0,0.0,0.0,0.0,0.0,0.0,0.0,0.0,0.0,0.22197767698227056,0.0,0.3418862251999973,0.22171310443728096,0.0,0.0,0.0,0.06261835560602276,0.0,0.0,0.0,0.04789285856366706,0.054781452119284646,0.0,0.0,0.0,0.0,0.0,0.0,0.0,0.0,0.0,0.0,0.0,0.0,0.0,0.0,0.0,0.04043444208266283,0.0,0.0,0.0,0.0,0.0,0.0,0.0,0.0,0.0,0.0,0.0
"""Me First"" lyrics",0.0,0.04721636688203123,0.09147855195918601,0.14624221824547845,0.06531549833587322,0.1282228659273005,0.0,0.06396974975706726,0.0,0.0,0.0,0.0,0.0,0.0,0.08124262912162189,0.0,0.20460285855313864,0.0,0.0,0.34138466911566684,0.16479919838226298,0.0,0.0,0.0,0.0,0.0,0.0,0.10794378933007259,0.0,0.0,0.0,0.39015390756076207,0.0,0.0,0.0,0.0,0.0,0.0,0.0,0.0,0.0,0.0,0.0,0.0,0.09147855195918601,0.0,0.0,0.0,0.0,0.0,0.0,0.0,0.0,0.0,0.09005381054885808,0.0,0.0,0.0,0.0,0.07312110912273923,0.0,0.08366587071803318,0.0,0.0,0.24372788736486567,0.0,0.0,0.1537768322448631,0.23699717350092325,0.0,0.0,0.0,0.0,0.0,0.0,0.07312110912273923,0.0,0.0,0.0,0.13063099667174644,0.0,0.3837642664122651,0.0,0.0,0.0,0.0,0.0,0.0,0.0,0.0,0.21496977532113423,0.0,0.0,0.0,0.20460285855313864,0.0,0.0,0.0,0.0,0.0,0.0,0.0,0.0,0.0,0.0,0.0,0.0,0.0,0.0,0.1160289437292522,0.0,0.0,0.0,0.0,0.0,0.0,0.04721636688203123,0.0,0.0,0.0,0.0,0.0,0.0,0.3734332817424661,0.0,0.0,0.04798284726757382,0.06268128474901818
"""Eastwick"" lyrics",0.0,0.05985673229443144,0.05798420713927318,0.0,0.0,0.1625496044414213,0.0,0.0,0.0,0.0,0.07219883927268396,0.14709122878004718,0.2002960315889996,0.0,0.0,0.11416225317767512,0.0,0.0,0.19004638820495917,0.0,0.06963928083489775,0.0,0.21880722234011638,0.0845866085437494,0.0,0.15579014659067147,0.0,0.0,0.0,0.0,0.0,0.2473013018646537,0.20891784250469325,0.0,0.0,0.0,0.19500025570526694,0.17685545374127928,0.1691732170874988,0.12162559550695581,0.0,0.2002960315889996,0.0,0.0,0.0,0.13684158539600672,0.05708112658883756,0.1417954528963145,0.0,0.0,0.20598443393065657,0.18539294498312414,0.0,0.0,0.0,0.0,0.0,0.0,0.0,0.0,0.0,0.0,0.0,0.14988274750940916,0.0,0.0,0.0,0.0,0.0,0.0,0.1001480157944998,0.0,0.0,0.0,0.10898557476572393,0.0,0.0,0.0,0.0,0.0,0.0,0.0,0.0,0.0,0.0,0.0,0.0,0.0,0.09388642597109473,0.0,0.11679414039633468,0.0,0.0,0.09269647249156207,0.08645913369890766,0.0,0.0,0.0,0.2689592100593262,0.1417954528963145,0.0,0.0,0.0,0.0,0.0,0.0,0.1691732170874988,0.0,0.0,0.0,0.23368521988600724,0.0,0.0,0.20598443393065657,0.0,0.0,0.0,0.0,0.0,0.0,0.0,0.0,0.0,0.1721475177216861,0.0,0.0,0.24331363324040664,0.0
"""Colder Quicker"" lyrics",0.0,0.03701105828786532,0.0,0.0,0.0,0.025127219002943242,0.0,0.1504301342901495,0.0,0.0909505386166649,0.0,0.0909505386166649,0.0,0.0,0.0,0.035294825199019886,0.0,0.05230221863409012,0.0,0.0,0.0,0.0,0.06764725160739647,0.10460443726818024,0.0,0.048164658970857664,0.0,0.3384516126528796,0.05731676980943178,0.0,0.0,0.0,0.04305987619616858,0.0,0.19104873249094118,0.05875544555834692,0.0,0.0,0.0,0.0,0.0,0.0,0.0,0.0,0.10755967397205947,0.04230645158160995,0.0,0.0,0.0,0.0,0.0,0.0,0.0,0.0,0.10588447559705964,0.0,0.12057400318071992,0.0,0.0,0.0,0.0,0.32791197442052294,0.0,0.0,0.5094632866425097,0.0,0.0,0.0,0.12384852657013884,0.0,0.0,0.0,0.27338643691523,0.0,0.03369438411997953,0.0,0.0559603502331253,0.0,0.0,0.1535947728919785,0.09267661116429202,0.0,0.0,0.0,0.0,0.0,0.0,0.22926707923772713,0.02902627533159548,0.0,0.2888680736280028,0.06764725160739647,0.0,0.0,0.0,0.0,0.0,0.0,0.0,0.043838007613623,0.0,0.0,0.0,0.1311647897682092,0.0,0.0,0.0,0.0,0.0,0.22737634654166225,0.0,0.0,0.0,0.0,0.05346005226460229,0.0,0.07402211657573064,0.0,0.0,0.0,0.0,0.0,0.0,0.10644352887772643,0.0,0.0,0.11283561660779239,0.0
"""Door Without A Key"" lyrics",0.0,0.03570225129952347,0.0,0.0,0.0,0.1939092430859497,0.0,0.0,0.0,0.0,0.08612769205535369,0.0,0.0,0.0,0.0,0.06809341732556226,0.0,0.0,0.0,0.0,0.04153716732239509,0.0,0.0,0.0,0.0,0.0,0.0,0.04081038575578861,0.0,0.0,0.0,0.03687644182796701,0.0,0.0,0.0,0.0,0.0,0.0,0.0,0.0,0.0,0.0,0.0,0.0,0.10375608500512207,0.0,0.10214012598834338,0.0,0.0,0.0,0.0,0.0,0.3262753469280304,0.0,0.0,0.0,0.23262038757529893,0.0,0.0,0.0,0.0,0.0,0.0,0.3575973035562302,0.0,0.0,0.0,0.0,0.0,0.0,0.0,0.0,0.0,0.0,0.0,0.0,0.0,0.10796289429461865,0.0,0.049387754487065165,0.4469966294452878,0.0,0.05973446076969547,0.13051013877121215,0.04837017822867686,0.2578478309903219,0.0,0.0,0.16799898583568196,0.0,0.11610539563677705,0.0,0.0,0.0,0.0,0.0,0.0,0.0,0.2005298514214231,0.08457556399056768,0.0,0.049387754487065165,0.0,0.25305292540035945,0.0,0.0,0.05045267656691492,0.0,0.0,0.0,0.0,0.0,0.0,0.12286183595536095,0.0,0.0,0.0,0.2610202775424243,0.0,0.0,0.0,0.0,0.0,0.28236837666239606,0.0,0.0,0.03628181887635903,0.09479183290309792
"""Basement Stairs"" lyrics",0.0,0.051128583428450516,0.19811641956463372,0.0,0.0,0.0,0.0,0.06927010490923677,0.0,0.0,0.37002598394775355,0.0,0.0,0.0,0.0,0.24378854567532385,0.07385189369730107,0.2167572454800269,0.0,0.0,0.0,0.0,0.0,0.0,0.0,0.0,0.07917972040295987,0.17533156623850804,0.0,0.0,0.0,0.0,0.0,0.0,0.0,0.0,0.0,0.0,0.0,0.0,0.0,0.0,0.05844385541283601,0.054582596882627475,0.0,0.0,0.09751541827012955,0.06055960929777152,0.0,0.22202446922520994,0.0,0.0,0.0,0.3116714278516113,0.0,0.0,0.0,0.0,0.0,0.0,0.27179457465302265,0.0,0.0,0.0,0.0,0.16105314479638316,0.0,0.0,0.0,0.0,0.0,0.0,0.0,0.27179457465302265,0.0,0.0,0.0,0.0,0.0,0.0,0.06401362275194847,0.0,0.0,0.0,0.06927010490923677,0.0,0.0,0.0,0.40098079021837424,0.0,0.1330180409634267,0.0,0.0,0.0,0.0,0.07917972040295987,0.0,0.0,0.0,0.06055960929777152,0.2770804196369471,0.0,0.0,0.09059819155100755,0.0,0.0,0.0,0.0,0.17594833382118166,0.0,0.0,0.052810121600672805,0.0,0.0,0.0,0.0,0.10225716685690103,0.0,0.0,0.0,0.0,0.0,0.0,0.036761356594522634,0.0,0.0,0.0,0.0
"""Well, I'm Sorry"" lyrics",0.03932102526391356,0.02961962190903629,0.0,0.04587010286488496,0.0,0.1809818159301522,0.0,0.0,0.23510731157690126,0.0,0.0,0.0,0.0,0.0,0.0,0.0,0.0,0.41857002004544763,0.0,0.0,0.0,0.0,0.0,0.0,0.2973446343360688,0.0,0.0,0.06771495645511368,0.0,0.0,0.0,0.0,0.0,0.0,0.0,0.0,0.0,0.0,0.0,0.0,0.0,0.0,0.03385747822755684,0.0,0.20085112541704941,0.1015724346826705,0.11298454311783386,0.03508316894539302,0.055947590084683134,0.0,0.0,0.0,0.10827499177203868,0.0,0.11298454311783386,0.0,0.0,0.0,0.0,0.2293505143244248,0.0,0.0,0.2894829181992986,0.0,0.0,0.0,0.0,0.0,0.0,0.0,0.0,0.0,0.0,0.0,0.0,0.0,0.04478457230027029,0.04478457230027029,0.0,0.0,0.0,0.0,0.04955743905601146,0.0,0.0,0.0,0.0,0.04587010286488496,0.0,0.0,0.01926487991756592,0.05413749588601934,0.0,0.0,0.0,0.0,0.0,0.0,0.0,0.03508316894539302,0.36116370951170435,0.24584107078917553,0.34769133832856225,0.05248500935173698,0.0,0.16742800801817906,0.0,0.0,0.15289460729734444,0.0,0.0,0.1223750575426074,0.0,0.0,0.0,0.0,0.0,0.0,0.0,0.0,0.0,0.0,0.0,0.08518581272385678,0.0,0.0,0.0903013438794741,0.0
"""Isolating Everything"" lyrics",0.0,0.042012614105915426,0.0,0.06506237441448012,0.0,0.14261415430420085,0.0,0.0,0.0,0.05162065148080217,0.0,0.0,0.0,0.0,0.0,0.040064454776974893,0.0,0.0,0.13339093638796487,0.04339434247773318,0.0977576997667885,0.0,0.6143110753553618,0.0,0.0702925097940716,0.0,0.0,0.04802360988071301,0.0,0.0,0.0,0.0,0.0977576997667885,0.23748069144812162,0.0,0.0,0.0,0.1241324015820052,0.0,0.0,0.0,0.0,0.04802360988071301,0.0,0.0,0.04802360988071301,0.040064454776974893,0.0,0.0,0.09121931141200917,0.0,0.0,0.0,0.0,0.0,0.0,0.0,0.0,0.0,0.0,0.0,0.0,0.0,0.0,0.0,0.17645090525780738,0.0,0.0,0.0,0.0,0.0,0.0,0.4965296063280208,0.07444498957521066,0.07649547043799655,0.0,0.0,0.0,0.0,0.0,0.0,0.0,0.0,0.0,0.0,0.0,0.0,0.0,0.03294879316753275,0.0,0.05465079657391417,0.0,0.0,0.0,0.0,0.0,0.13339093638796487,0.0,0.18877875669643837,0.04976213548714366,0.0,0.0,0.0,0.0,0.0,0.0,0.11874034572406081,0.0,0.0,0.0,0.0,0.0,0.0,0.0,0.0,0.0702925097940716,0.0,0.0,0.0,0.07228881533313501,0.0,0.0,0.0,0.21144894099087377,0.0,0.0,0.1707784803512976,0.11154626252388247
"""Mess"" lyrics",0.060868920896323106,0.0458511549701308,0.0,0.0,0.0,0.031128858934847174,0.0,0.0,0.0,0.11267408806023878,0.05530539408452421,0.16901113209035817,0.0,0.0,0.0,0.0,0.0,0.0,0.0,0.18943650749819202,0.0,0.0,0.0,0.06479461120028526,0.0,0.0,0.0,0.0,0.0,0.0,0.0,0.047359126874548005,0.0,0.0,0.0,0.0,0.07468656073286113,0.0,0.0,0.0,0.0727891923187217,0.0,0.052411353726157246,0.0,0.0444167726077208,0.10482270745231449,0.21862499678569405,0.05430872214029667,0.0,0.0,0.23668075017355694,0.0,0.0,0.0,0.04372499935713881,0.0,0.0,0.0,0.2911567692748868,0.0,0.0,0.08124675948888757,0.0,0.17221864993227118,0.39446791695592825,0.0,0.0,0.0,0.0,0.2709478618684498,0.0,0.06479461120028526,0.0,0.0,0.0,0.0,0.06932648806648899,0.0,0.0,0.06342696894981024,0.0,0.0,0.0,0.0,0.24848052513993835,0.0,0.0,0.0710068886568752,0.035959205437554924,0.06773696546711246,0.1491101063501076,0.0,0.0,0.0,0.0,0.0,0.0,0.06932648806648899,0.0,0.0,0.0,0.0,0.0,0.0,0.06773696546711246,0.0,0.3239730560014263,0.0710068886568752,0.0,0.0,0.11933758961333764,0.047359126874548005,0.27730595226595595,0.15778716678237129,0.13245798712539053,0.0,0.0458511549701308,0.0,0.0,0.0,0.0,0.0,0.23668075017355694,0.0,0.0,0.0,0.0,0.0
"""Mokena"" lyrics",0.12476859001575362,0.03132843423746106,0.030348372698304427,0.04851643635024639,0.043337351630947284,0.29776911288886815,0.0,0.0,0.0,0.0,0.03778817355162781,0.0,0.0,0.0,0.0,0.0,0.0,0.0,0.0,0.0,0.0,0.0,0.0,0.0,0.1572495059401405,0.04076952729646691,0.0,0.07162156109593602,0.0,0.0,0.0,0.0,0.03644852544319634,0.08854362413563445,0.3234307760367449,0.14920265975244246,0.0,0.0,0.0,0.0,0.14920265975244246,0.0,0.0,0.1003345202790648,0.0,0.03581078054796801,0.0,0.0,0.0,0.0,0.0,0.0,0.0,0.0,0.029875709080513107,0.0,0.0,0.0,0.09946843983496163,0.0,0.0,0.05551296937476401,0.0,0.0,0.0,0.0,0.0,0.0,0.05241650198004684,0.0,0.0,0.0,0.0,0.0,0.08556299218987401,0.7277465452536959,0.1421048383876032,0.0,0.053905129339457486,0.0,0.0392235895503048,0.0,0.0,0.0,0.0,0.0,0.0,0.04851643635024639,0.09827849296408492,0.0,0.14263415239076546,0.0,0.053905129339457486,0.14554930905073915,0.0,0.0,0.0,0.047368279462534406,0.0,0.0,0.0,0.0,0.0,0.0,0.09256443243202996,0.0,0.0,0.19406574540098556,0.0,0.0,0.0,0.0,0.0,0.0,0.0,0.0,0.06265686847492212,0.0,0.0,0.0,0.0,0.0,0.0,0.0,0.0,0.0,0.0,0.0
"""Scared To Be Alone"" lyrics",0.1097162045415608,0.027548895906655022,0.16012242821932682,0.12798988720380217,0.1143270850916132,0.07481300700474866,0.0,0.11197151074553853,0.0,0.0,0.0,0.0,0.0,0.0,0.0,0.07881429311386473,0.0,0.0,0.0,0.31300429031321225,0.0,0.37921506979924713,0.0,0.0,0.0,0.0,0.0,0.031490481080997355,0.042663295734600724,0.0,0.0,0.14227467741509647,0.0,0.0,0.0,0.0,0.0,0.0,0.0,0.0,0.0,0.0,0.0,0.0882299202718193,0.133435356849439,0.0,0.13135715518977456,0.0978914490185338,0.0,0.11963032380850386,0.0,0.0,0.0,0.0,0.0,0.0,0.0,0.0,0.0,0.0,0.0,0.0,0.269244989173688,0.0,0.0,0.0,0.0,0.029907580952125964,0.0,0.0,0.0,0.0,0.0,0.0,0.0,0.0,0.0,0.0,0.0,0.03810902836387107,0.0,0.0,0.0,0.0,0.0,0.0,0.0,0.0,0.04321096854072978,0.0,0.08959030151247804,0.0,0.0,0.0,0.0,0.0,0.3061391405597053,0.0,0.0,0.0,0.03732383691517951,0.15243611345548427,0.21558934854458633,0.04881575003662367,0.0,0.1167922596779736,0.0,0.08532659146920145,0.0,0.0,0.0,0.0,0.0,0.23700941862452946,0.0,0.0,0.055097791813310044,0.0,0.0,0.0,0.0,0.0,0.0,0.4555749156521135,0.0,0.0,0.05599221422444399,0.1828603409026013
"""Keep Lying To Me"" lyrics",0.06209427168931845,0.04677418347589483,0.0,0.14487265327352086,0.0,0.2540441060055829,0.0,0.0,0.0,0.0,0.05641874565212996,0.0,0.0,0.15651845618557225,0.08048178823443058,0.0,0.0,0.0,0.14850901962212323,0.0,0.0,0.0,0.0,0.0,0.0,0.06086998589001271,0.07243632663676043,0.10693289087283857,0.0,0.0,0.0,0.04831251232670903,0.0,0.0,0.0,0.0,0.0,0.0,0.06609898997104297,0.0,0.07425450981106162,0.0,0.0,0.0,0.0,0.0,0.0,0.16620602918638203,0.0,0.2538945087880967,0.08048178823443058,0.0,0.0,0.2851277225571118,0.0,0.0,0.0,0.08549188012172569,0.0,0.07243632663676043,0.0,0.0,0.0,0.0,0.0,0.0,0.06609898997104297,0.05077890175761935,0.0,0.0,0.23477768427835838,0.0,0.0,0.24864700819188235,0.04258260578979244,0.0,0.0,0.2121662938266529,0.0,0.19411144724125007,0.0,0.0,0.07825922809278613,0.08549188012172569,0.0,0.0,0.0,0.0,0.18341549671750734,0.06910057670135135,0.15211183834024644,0.0,0.0,0.0,0.0,0.0,0.0,0.2121662938266529,0.2101743105013608,0.0,0.0,0.0,0.0,0.0,0.0,0.13219797994208593,0.0,0.0,0.08048178823443058,0.2298846548725752,0.0,0.1449375369801271,0.14144419588443527,0.24144536470329175,0.0,0.07825922809278613,0.0,0.0,0.0,0.0,0.0,0.0,0.0,0.2690444088804058,0.0,0.0,0.0,0.0
"""Empty Picture Frames"" lyrics",0.0,0.027979312527102028,0.02710402307305498,0.0,0.0,0.018995466380673308,0.0,0.0,0.0,0.0,0.0,0.03437801649268512,0.09362598075351805,0.0,0.0,0.0,0.0,0.0,0.0,0.0,0.06510409532741897,0.0,0.4602546681160614,0.03953899695712888,0.0,0.0,0.0,0.031982479979576046,0.0,0.0,0.0,0.08669852347428504,0.13020819065483794,0.11861699087138665,0.04814247814527129,0.0,0.0,0.0,0.0,0.0,0.13325236159094986,0.0,0.031982479979576046,0.089608401073169,0.02710402307305498,0.06396495995915209,0.026681888887154285,0.0,0.0,0.0,0.0,0.0,0.10227881513690254,0.0,0.026681888887154285,0.0,0.0,0.0,0.0,0.0,0.049578434328093716,0.0,0.0,0.07006089497766686,0.0,0.029377932848048672,0.0,0.0,0.0,0.0,0.0,0.4744679634855466,0.0,0.0,0.0,0.0,0.04230444090846358,0.0,0.0,0.0,0.38533492237716777,0.0,0.0,0.0,0.0,0.0,0.0,0.0,0.08777217043444485,0.0,0.2547721023355522,0.05113940756845127,0.0,0.0,0.0,0.0,0.0,0.0,0.0,0.03314029299154579,0.0758139492267727,0.0,0.0,0.0,0.0,0.0,0.0,0.08665971143375015,0.0,0.0,0.0,0.0,0.04230444090846358,0.0,0.0,0.4213169133908312,0.16787587516261215,0.0,0.0,0.0,0.0,0.0,0.0,0.06035122133890672,0.0,0.0,0.02843351084156724,0.0
"""Stay In One Place"" lyrics",0.0,0.04876738040815503,0.0,0.0,0.06746105141575258,0.0,0.0,0.0,0.0,0.0,0.0,0.17976057914424926,0.0,0.08159410305508195,0.0,0.0930119940657992,0.4226477424909234,0.0,0.0,0.0,0.0,0.0,0.0,0.0689156784569826,0.0,0.0,0.0,0.0,0.1510461384445018,0.0,0.0,0.40297009880666435,0.056737566012131695,0.2756627138279304,0.0,0.07741873097246718,0.0,0.0720451723578319,0.0,0.0,0.0,0.0,0.0,0.0,0.09448353689996748,0.22297928386187324,0.0,0.0,0.0,0.0,0.0,0.0,0.0,0.0,0.0,0.0,0.0,0.08913496142275144,0.0,0.0,0.25924264914410006,0.0,0.07943677582405341,0.0,0.0,0.0,0.0,0.05294275249076981,0.08159410305508195,0.0,0.0,0.2067470353709478,0.0,0.0,0.0,0.0,0.0,0.0,0.0,0.0,0.061057367185168,0.0,0.0,0.2674048842682543,0.0,0.0,0.0,0.0,0.15298513216433687,0.0,0.03171876164870098,0.0,0.0,0.0,0.0,0.0,0.0,0.0,0.0,0.0,0.0,0.0,0.0,0.08641421638136669,0.0,0.0,0.0,0.0,0.0,0.0,0.0,0.15111378705249914,0.1474715835665347,0.0,0.0,0.0,0.04876738040815503,0.0,0.0,0.0,0.0,0.0,0.0,0.28050924804106264,0.0,0.0,0.24779519479025078,0.0
"""...And We're Just Changing"" lyrics",0.0,0.03434138474479417,0.03326706771590455,0.0,0.1900209445385173,0.2564622274507248,0.0,0.04652644693998414,0.0,0.08439011430281625,0.0,0.1687802286056325,0.0,0.0,0.0,0.06549789320978137,0.0,0.0,0.0,0.0,0.0,0.0,0.0,0.0,0.0,0.0,0.0,0.11776443567089928,0.21272963653674837,0.0,0.0,0.1773540926325476,0.07990778129144482,0.0,0.0,0.0,0.0,0.0,0.14558869939489322,0.0,0.16355193191807887,0.0,0.03925481189029976,0.07332266353670495,0.03326706771590455,0.07850962378059952,0.13099578641956275,0.0,0.0,0.03728163000590253,0.05908934906649922,0.0,0.0,0.0,0.03274894660489069,0.0,0.0,0.0,0.05451731063935962,0.0,0.12170363990583181,0.12170363990583181,0.0,0.0,0.0,0.1802901507970077,0.0485295664649644,0.0,0.0,0.0,0.0,0.0,0.0,0.06085181995291591,0.06252789638184854,0.0,0.3634668136218864,0.0,0.17726804719949765,0.0,0.04299584108190876,0.0,0.0,0.0,0.1395793408199524,0.0,0.0,0.05318240913418709,0.16159535041408954,0.0,0.3127034225758898,0.3766064093021351,0.17726804719949765,0.05318240913418709,0.049603883493854035,0.0,0.0,0.05192383051741234,0.19288623349562875,0.04067589405835046,0.0,0.0,0.0,0.06085181995291591,0.0,0.0,0.0,0.05318240913418709,0.0,0.2109752857570406,0.0,0.10641245557952857,0.0,0.0,0.0,0.0,0.0,0.0,0.0,0.0,0.0,0.0,0.0,0.04938278379332509,0.0,0.0,0.0,0.0
"""I Think I'm Moving Forward"" lyrics",0.05870267362390595,0.044219370835820275,0.04283603631251139,0.0,0.12233936801857256,0.15010511271009952,0.0,0.0,0.0,0.05433208047615464,0.0,0.0,0.0,0.0,0.22825758409886338,0.0,0.0,0.0,0.0,0.04567367594318042,0.0,0.0,0.0,0.0,0.07398469777977776,0.1726357754740128,0.0,0.0,0.0,0.0,0.0,0.0,0.0,0.37493192169680706,0.0,0.0,0.0,0.0,0.0,0.0,0.0701987177875492,0.14796939555955552,0.05054610048392608,0.0,0.08567207262502279,0.10109220096785217,0.2530132943384578,0.0,0.0,0.09601070165609767,0.0,0.0,0.0808223013129094,0.0,0.2530132943384578,0.0,0.0,0.0,0.0,0.0,0.07835529092752908,0.0,0.07202856127942328,0.0,0.0,0.0,0.0,0.0,0.0,0.06532629324680353,0.0,0.0,0.0,0.0,0.040256737726801266,0.4108790642410124,0.0,0.0,0.0,0.0,0.16608960780072776,0.0,0.0,0.0,0.0,0.0,0.0,0.0,0.34679463172531516,0.0,0.08628208068947406,0.0,0.0,0.0,0.0,0.0,0.0,0.06685924676388584,0.09934727969128605,0.0,0.0599093550304244,0.0,0.0,0.0,0.0,0.0,0.06248865361613451,0.0,0.0,0.0,0.0,0.04567367594318042,0.0,0.0,0.0,0.0,0.0,0.2424669039387282,0.0,0.3043434454651512,0.0,0.0,0.0760858613662878,0.09538093669009091,0.0,0.0,0.0,0.0
"""To: My Old Self"" lyrics",0.4412208304632194,0.055393580105456135,0.0,0.0,0.22988168265268694,0.15042926985130048,0.0,0.0,0.0,0.0,0.0,0.0,0.0,0.0,0.0,0.0,0.0,0.0,0.0,0.0,0.0,0.0,0.0,0.07827950000960789,0.0,0.0,0.0,0.0,0.0,0.0,0.0,0.0,0.3222335177302303,0.0,0.0,0.0,0.0,0.0,0.15655900001921577,0.0,0.0,0.1853611756828633,0.18995721195834073,0.0,0.0,0.0,0.0,0.06561131452987913,0.0,0.0,0.0,0.0,0.1012460498071424,0.0,0.0,0.0,0.0,0.0,0.0,0.0,0.09815562733344999,0.0,0.0,0.13870690333960495,0.28593814272942786,0.0,0.0,0.0,0.0,0.08183420952312613,0.0,0.0,0.0,0.0,0.05042959191647978,0.0,0.1675090790032525,0.0,0.09531271424314262,0.0,0.0,0.0,0.0,0.0,0.0,0.0,0.0,0.0,0.17377177331575255,0.0,0.43234204901587225,0.2024920996142848,0.09531271424314262,0.0,0.0,0.0,0.175875785818054,0.0,0.0,0.0,0.0,0.0,0.0,0.0,0.16366841904625226,0.0,0.0,0.0,0.0,0.0,0.0,0.11443077453375879,0.0,0.0,0.0,0.0,0.11078716021091227,0.0,0.0,0.0,0.0,0.0,0.0,0.0,0.0,0.0,0.0,0.0
"""Spread Me All Over Illinois"" lyrics",0.0,0.04307471821253261,0.04172719237354148,0.13341438059896496,0.05958625941632059,0.20470733603958252,0.0,0.0,0.0,0.05292565254038381,0.0,0.05292565254038381,0.14413909328270055,0.0,0.0,0.0,0.06221861231349907,0.18261325942352383,0.0,0.04449137750710221,0.05011453655256936,0.0,0.0,0.0,0.0,0.0,0.0,0.049237675569182154,0.06670719029948248,0.0,0.0,0.0,0.05011453655256936,0.12174217294901588,0.07411631998291121,0.0,0.0,0.12727054321613734,0.0,0.0,0.13676313934029724,0.0,0.0,0.0,0.0,0.0,0.08215461649238148,0.10204030429331348,0.0,0.0,0.0,0.2668287611979299,0.0,0.0,0.12323192473857222,0.0,0.0701640462476232,0.0,0.13676313934029724,0.0,0.38163501802136374,0.0,0.0,0.16179024981176426,0.0,0.22613961259245266,0.0,0.0,0.0,0.0,0.07206954664135028,0.06087108647450794,0.06363527160806867,0.0,0.03921466092713184,0.06670719029948248,0.19538563031229125,0.0,0.14823263996582242,0.0,0.16179024981176426,0.0,0.0,0.0,0.0,0.0,0.0,0.0,0.20269055063650407,0.06363527160806867,0.22412960608231608,0.15746030703457412,0.14823263996582242,0.0,0.0,0.0,0.0,0.0,0.0,0.0,0.0,0.0,0.0,0.0,0.0,0.18261325942352383,0.12174217294901588,0.0,0.0,0.0,0.0,0.04449137750710221,0.0,0.0,0.0,0.3603477332067514,0.0,0.0,0.0,0.0,0.0,0.14823263996582242,0.0,0.03097064245160289,0.0,0.0,0.0,0.0
"""Sixteen"" lyrics",0.09352945337676025,0.07045358120203685,0.20474865012816076,0.0,0.0,0.23915859830812342,0.0,0.0,0.11184580355715099,0.08656590022311098,0.0,0.17313180044622195,0.0,0.0,0.0,0.1343731818652768,0.0,0.0,0.0,0.0,0.0,0.0,0.0,0.0,0.0,0.0,0.0,0.08053379610742578,0.21821433284069244,0.0,0.0,0.07277068795948839,0.08196800157781685,0.0,0.0,0.0,0.0,0.10408269540921358,0.1991231149848909,0.0,0.0,0.0,0.08053379610742578,0.0,0.0,0.40266898053712896,0.0671865909326384,0.0,0.0,0.0,0.0,0.0,0.0,0.0,0.0,0.0,0.11476124592109653,0.0,0.0,0.10910716642034622,0.0,0.0,0.0,0.088208760465704,0.12122563733435889,0.0,0.0,0.07648568531772204,0.0,0.0,0.0,0.09956155749244545,0.0,0.0,0.0641400202389759,0.0,0.0,0.10652511064609474,0.0,0.0,0.0,0.0,0.0,0.0,0.0,0.20353117730352413,0.0,0.0,0.055253892773385764,0.0,0.36658936046868135,0.0,0.0,0.0,0.0,0.0,0.11184580355715099,0.10652511064609474,0.0,0.0,0.0,0.19492015458348128,0.0,0.0,0.0,0.0,0.3982462299697818,0.0,0.0,0.0,0.0,0.14554137591897678,0.0,0.0,0.0,0.0,0.1409071624040737,0.0,0.0,0.0,0.0,0.0,0.0,0.10131198825618329,0.0,0.0,0.0,0.0
"""Short Song"" lyrics",0.1153375721196622,0.08688113433364186,0.16832638523989646,0.0,0.120184693565386,0.1769537044290335,0.0,0.0,0.0,0.0,0.0,0.0,0.0,0.14536331804232305,0.0,0.24855715490879451,0.0,0.0,0.0,0.0,0.0,0.0,0.0,0.12277617267122945,0.0,0.0,0.0,0.09931173743947455,0.2690950330926561,0.0,0.0,0.08973851730871364,0.0,0.0,0.0,0.1379247174907558,0.14151994906511073,0.0,0.0,0.0,0.0,0.0,0.09931173743947455,0.0,0.08416319261994823,0.0,0.0,0.10290696901382952,0.0,0.0,0.0,0.0,0.0,0.0,0.0,0.0,0.0,0.15879767361666722,0.1379247174907558,0.0,0.0,0.0,0.0,0.32632878428626877,0.0,0.0,0.12277617267122945,0.0,0.0,0.0,0.0,0.0,0.0,0.0,0.0,0.0,0.2627268135996997,0.0,0.0,0.0,0.0,0.0,0.0,0.0,0.11770843012591659,0.0,0.0,0.0,0.06813735793976058,0.12835149735999485,0.05650830470354177,0.15879767361666722,0.0,0.0,0.0,0.13454751654632804,0.0,0.0,0.0975975481942924,0.0,0.0,0.0,0.0,0.0,0.12835149735999485,0.0,0.0,0.0,0.0,0.4270013519641673,0.11306351127909041,0.17947703461742728,0.0,0.0,0.1254941143849231,0.0,0.0,0.15879767361666722,0.0,0.0,0.0,0.0,0.0,0.0624673743415,0.0,0.14949163267832996,0.0,0.1153375721196622
"""Loose Ends"" lyrics",0.0,0.052557849381195745,0.05091365847242368,0.0,0.0,0.03568210834322458,0.0,0.0,0.08343614046273069,0.06457751994787671,0.0,0.0,0.0,0.0,0.0,0.050120698854858675,0.0,0.07427218394817278,0.0,0.0,0.1834425649130792,0.0,0.0,0.0,0.0,0.0,0.0,0.12015522997396316,0.0,0.0,0.0,0.21714557539228183,0.06114752163769307,0.0,0.0,0.2503084213881921,0.0,0.0,0.07427218394817278,0.0,0.08343614046273069,0.0,0.0,0.0,0.05091365847242368,0.18023284496094474,0.0,0.12450502676298365,0.0,0.17117326302627264,0.0,0.0,0.0,0.0,0.10024139770971735,0.0,0.0,0.3842520830807034,0.0,0.16278627491440648,0.0,0.37252321785210707,0.0,0.0,0.0,0.05518509320995636,0.07427218394817278,0.05705775434209088,0.0,0.0,0.0,0.0,0.0,0.0,0.04784797969829081,0.0,0.0,0.0,0.0,0.0,0.0,0.0,0.35174418169450333,0.0,0.0,0.0,0.0,0.16278627491440648,0.0,0.0,0.30765706400553994,0.0,0.0,0.0,0.0,0.0,0.0,0.0,0.11808126763794739,0.0,0.0,0.21811348588328022,0.0,0.0,0.0,0.0,0.0,0.08139313745720324,0.0,0.0,0.0,0.1628591815442114,0.07946694298757374,0.0,0.07591637485694487,0.08793604542362583,0.052557849381195745,0.0,0.0,0.09043342693805458,0.0,0.0,0.0,0.11336698848583183,0.0,0.0,0.0,0.0
"""Summer"" lyrics",0.04221583882374463,0.03180021823285691,0.09241619298651266,0.04924705946438587,0.0,0.08635808699805443,0.0,0.0,0.05048318198825383,0.03907274082668009,0.0,0.0,0.0,0.0,0.0,0.12130246426240249,0.0,0.0,0.0,0.13138430828268308,0.0739948287599716,0.0,0.0,0.0,0.0,0.08276697491174298,0.0,0.0,0.0,0.0,0.0,0.0,0.0,0.17975405660550653,0.0,0.0,0.10359821609351841,0.0,0.13481554245412988,0.0,0.0,0.0,0.0,0.20369097395541255,0.0,0.0,0.030325616065600622,0.0,0.0,0.06904578712097782,0.0,0.04924705946438587,0.0,0.0,0.09097684819680187,0.07048207180215613,0.0,0.0,0.0,0.0,0.16904686593885113,0.0,0.0,0.0,0.32830141408383046,0.06677967336711586,0.0,0.06904578712097782,0.0,0.18791677423950603,0.053205857315885834,0.0,0.0,0.0,0.028950503384777903,0.0,0.0,0.14424483644532352,0.0,0.0,0.03981426898393197,0.0,0.10641171463177167,0.0,0.04308361987398365,0.0,0.0,0.0,0.14963774602484603,0.0,0.22751476242295574,0.0,0.0,0.04924705946438587,0.0,0.0,0.0,0.19232644859376472,0.03572263823871936,0.1883299577877673,0.0,0.04398998140322856,0.0,0.0,0.0,0.0,0.26963108490825977,0.0,0.05471690234730508,0.19536370413340046,0.0,0.03284607707067077,0.0,0.0,0.04593333472206266,0.0,0.03180021823285691,0.23249239156973722,0.0,0.05471690234730508,0.0,0.05471690234730508,0.0,0.5030145535971612,0.0,0.0,0.03231644269359014,0.04221583882374463
"""Old Book"" lyrics",0.0,0.10637927701681232,0.0,0.0,0.0,0.2166662220398546,0.0,0.0,0.0,0.0,0.0,0.0,0.0,0.0,0.0,0.0,0.0,0.0,0.0,0.0,0.0,0.0,0.0,0.0,0.0,0.0,0.0,0.0,0.0,0.0,0.0,0.0,0.12376513156025343,0.0,0.18304102411132742,0.0,0.0,0.0,0.0,0.0,0.0,0.0,0.0,0.0,0.0,0.0,0.1014463828054742,0.0,0.0,0.0,0.0,0.32948620306085724,0.0,0.0,0.1014463828054742,0.0,0.0,0.0,0.0,0.0,0.0,0.0,0.0,0.0,0.0,0.11169692799266125,0.0,0.0,0.0,0.0,0.0,0.0,0.0,0.0,0.38738521815090954,0.0,0.0,0.0,0.0,0.0,0.0,0.0,0.0,0.0,0.0,0.15365790583334876,0.0,0.0,0.08342896223744148,0.0,0.2767603183781556,0.0,0.0,0.0,0.0,0.0,0.0,0.0,0.11950070282982131,0.0,0.0,0.0,0.0,0.0,0.0,0.4509899847819776,0.30065998985465175,0.0,0.0,0.0,0.27687517385910887,0.0,0.32168880733460514,0.0,0.0,0.0,0.0,0.0,0.0,0.0,0.0,0.0,0.0,0.07648650274371699,0.0,0.0,0.0,0.0
"""Cover You Up"" lyrics",0.0,0.04442599900537018,0.0430362004398322,0.0,0.1843665526842372,0.1508065235192792,0.0,0.06018929932033329,0.0,0.0,0.0,0.0,0.0,0.0,0.0,0.04236592904182014,0.0,0.18834195133878925,0.0,0.04588709978613365,0.0,0.0,0.0,0.0,0.1486608265947775,0.057814155836632006,0.0,0.10156458436107849,0.06879983649048241,0.0,0.0,0.0917741995722673,0.0,0.18834195133878925,0.0,0.2115802265609104,0.0,0.06563154979256453,0.0,0.0,0.0,0.0,0.0,0.09485443296943762,0.0860724008796644,0.30469375308323543,0.08473185808364028,0.0,0.0,0.0,0.0,0.0,0.0,0.0,0.04236592904182014,0.0,0.0,0.0,0.2115802265609104,0.0,0.0,0.0,0.0,0.055621903640024034,0.0,0.0,0.18834195133878925,0.0,0.22299123989216627,0.0,0.0,0.06278065044626309,0.2625261991702581,0.0,0.0,0.0,0.0,0.0,0.0,0.0614555175614124,0.0,0.0,0.0,0.0,0.0,0.0,0.0,0.0,0.06968302656905394,0.0,0.14447543231388363,0.0,0.0,0.06879983649048241,0.06417044901180106,0.06879983649048241,0.0,0.0,0.0,0.05262068616067541,0.12037859864066658,0.1843665526842372,0.0,0.23616428802682607,0.06563154979256453,0.0,0.0,0.2063995094714472,0.07644139519604569,0.0,0.0,0.1835483991445346,0.06717166649114971,0.0,0.0,0.0,0.04442599900537018,0.0,0.0,0.0,0.0,0.0,0.0,0.41524874083920205,0.0,0.15288279039209138,0.0,0.0
"""I Don't Love You Anymore"" lyrics",0.3058172214757003,0.03839417721429266,0.0,0.0,0.0,0.1042649352847768,0.0,0.0,0.0,0.047174699386108875,0.13893249381203918,0.0,0.0,0.0,0.0,0.07322761553581128,0.0,0.054256774700125895,0.0,0.07931380184948826,0.0,0.19818830455405104,0.0,0.0,0.0,0.0,0.0,0.0,0.0,0.0,0.0,0.15862760369897652,0.0,0.0,0.0,0.06095116144818585,0.06253995237789584,0.0,0.0,0.0,0.0,0.06423839923569503,0.13166238479579911,0.12296373713114277,0.0,0.0438874615985997,0.21968284660743384,0.13642875758492906,0.0,0.16672566000720734,0.0,0.05945872177709806,0.0,0.0,0.10984142330371692,0.0,0.0,0.0,0.0,0.0,0.0,0.0,0.18761985713368748,0.0,0.0,0.12094023670506504,0.0,0.0,0.1927151977070851,0.11344120154866054,0.0,0.0,0.0,0.0,0.0,0.0,0.0,0.0,0.0,0.05311155820634949,0.0,0.0,0.06423839923569503,0.0,0.0,0.055457877063878815,0.0,0.0,0.30110999536522726,0.0,0.14983159795326897,0.0,0.0,0.17837616533129416,0.0,0.0,0.0,0.17415483667990123,0.0,0.0,0.0,0.21244623282539796,0.22534593622865967,0.0,0.05672060077433027,0.16277032410037767,0.054256774700125895,0.0,0.0,0.047174699386108875,0.049964592679571776,0.0,0.0,0.0,0.0,0.0,0.11518253164287799,0.0,0.0,0.0,0.0,0.0,0.0,0.44168547456920837,0.0,0.0,0.0,0.10193907382523344
"""Maybe This Place Is The Same..."" lyrics",0.0,0.15259656233105515,0.0,0.0,0.0,0.20719900581961193,0.0,0.0,0.0,0.0,0.0,0.0,0.0,0.0,0.0,0.0,0.0,0.0,0.0,0.0,0.0,0.0,0.0,0.0,0.0,0.0,0.0,0.0,0.0,0.0,0.0,0.0,0.0,0.0,0.0,0.0,0.0,0.0,0.0,0.0,0.0,0.0,0.0,0.0,0.0,0.0,0.2910410694855369,0.0,0.0,0.0,0.0,0.0,0.0,0.0,0.0,0.0,0.0,0.0,0.0,0.0,0.0,0.0,0.0,0.0,0.0,0.0,0.0,0.0,0.0,0.0,0.0,0.0,0.0,0.0,0.0,0.0,0.0,0.0,0.5251291760618004,0.0,0.0,0.0,0.0,0.0,0.0,0.0,0.0,0.0,0.0,0.0,0.19850047094924506,0.0,0.5251291760618004,0.0,0.0,0.0,0.0,0.0,0.3428373826058957,0.0,0.0,0.0,0.0,0.0,0.0,0.0,0.0,0.0,0.0,0.37498899456250656,0.0,0.0,0.0,0.0,0.0,0.0,0.0,0.0,0.0,0.0,0.0,0.0,0.0,0.0,0.0,0.0,0.0,0.0
"""Lost Boy"" lyrics",0.050125103728685644,0.0,0.07315376390679328,0.0,0.10446327455748972,0.10253753541795366,0.0,0.0,0.0,0.0,0.0,0.0,0.0,0.0,0.0,0.1800360591283039,0.0,0.0,0.0,0.0,0.04392899170457503,0.0,0.06901263582738858,0.0,0.18952240613295923,0.049136808818153445,0.11694728958443233,0.17264144022261863,0.0,0.0,0.0,0.0,0.0,0.05335788050204035,0.0,0.0,0.4305267916897983,0.0,0.0,0.0,0.0,0.0,0.0,0.04030884885307293,0.0,0.08632072011130931,0.07201442365132156,0.0,0.2852803290394785,0.16396344774374758,0.0,0.0,0.0,0.0,0.14402884730264312,0.0,0.0,0.0,0.23976543441719347,0.23389457916886466,0.0,0.0,0.0,0.0,0.0,0.03964552343102671,0.0,0.0,0.12634827075530614,0.11156177472206541,0.0,0.0,0.0,0.0,0.06874893526187371,0.0,0.17126954220514992,0.057089847401716645,0.0,0.10446327455748972,0.0,0.0,0.18952240613295923,0.0,0.0,0.0,0.0,0.0,0.02961213828036564,0.055780887361032705,0.14734927653194485,0.13802527165477715,0.0,0.058473644792216166,0.0,0.058473644792216166,0.0,0.0,0.1272461472093964,0.0,0.0,0.0,0.0,0.0,0.11156177472206541,0.16007364150612105,0.16007364150612105,0.058473644792216166,0.0,0.09278627365801871,0.09827361763630689,0.0,0.057089847401716645,0.0,0.10907816742245181,0.06317413537765307,0.18879042581291094,0.0,0.0,0.0,0.0,0.129936558518808,0.064968279259404,0.21718394524745052,0.0,0.0,0.11511307750544271,0.050125103728685644
"""Old And All Alone"" lyrics",0.0,0.0,0.131954183499723,0.21094860039301946,0.18843003235628294,0.16183684934811465,0.0,0.04613691361031532,0.16218262622628604,0.08368357502510368,0.0,0.0,0.0,0.0,0.05859463536270991,0.12989905051530556,0.0,0.0,0.0,0.03517384622461566,0.0792387694463526,0.05859463536270991,0.06224222463364685,0.0,0.1139530081142559,0.0,0.0,0.0,0.052737150098254866,0.0,0.0,0.10552153867384699,0.1188581541695289,0.04812326241950685,0.0,0.0,0.0,0.0,0.14436978725852057,0.0,0.0,0.2279060162285118,0.0,0.0,0.0,0.0,0.16237381314413193,0.16134137322914116,0.0,0.03696949704869621,0.05859463536270991,0.0,0.0,0.0,0.0,0.0,0.0,0.0,0.0,0.0,0.0,0.060342350315717025,0.0,0.0,0.0,0.10726842463825288,0.04812326241950685,0.0,0.05697650405712795,0.0,0.1139530081142559,0.04812326241950685,0.0,0.0,0.062004394131478416,0.1582114502947646,0.0,0.05148910867809593,0.3515678121762595,0.047107508089070736,0.0,0.0,0.0,0.18672667390094053,0.0,0.0,0.0,0.052737150098254866,0.24036363871178154,0.0,0.13289373256870865,0.0,0.17578390608812974,0.0,0.0,0.0,0.0,0.0,0.0,0.0,0.04613691361031532,0.0,0.0,0.0,0.0,0.04812326241950685,0.0,0.0,0.0,0.0,0.08863258896210152,0.17586923112307828,0.0,0.0,0.04918858494490639,0.0,0.0,0.0,0.0,0.0,0.0,0.0,0.0,0.3427853545004026,0.0,0.23437854145083964,0.24224674026358894,0.13562290131342275
"""I've Given Up On You"" lyrics",0.1370418368650721,0.0,0.10000105170499203,0.23980007305007872,0.0,0.24529506697251166,0.0,0.0,0.0819397195842615,0.0,0.0,0.06341932700422144,0.0,0.0,0.0,0.09844357581158246,0.0,0.07294011793777054,0.0819397195842615,0.2132510858954988,0.12010169090942516,0.0,0.0,0.0,0.0,0.06716992122925021,0.0,0.05900012749898696,0.0,0.0,0.0,0.0,0.06005084545471258,0.0,0.0,0.0,0.0,0.0,0.0,0.0,0.0,0.0,0.0,0.11020423456162126,0.10000105170499203,0.17700038249696087,0.09844357581158246,0.18340805776509125,0.0,0.16810328348014741,0.0,0.0,0.0,0.0,0.09844357581158246,0.0,0.0,0.0,0.0,0.07993335768335957,0.18292102103562116,0.0,0.0,0.0,0.0,0.0,0.2188203538133116,0.16810328348014741,0.0,0.07625236355914922,0.0,0.07294011793777054,0.07625236355914922,0.0,0.09397965959134133,0.0,0.0,0.0,0.0888115102550547,0.0,0.0,0.0,0.0,0.18868027549383803,0.1398588437618904,0.0,0.0,0.0,0.040479734918946915,0.0,0.26856822915156187,0.0,0.0888115102550547,0.0,0.0,0.07993335768335957,0.0,0.0,0.0,0.12227203851006084,0.1398588437618904,0.0,0.0,0.0,0.15250472711829843,0.0,0.0,0.0,0.0,0.0,0.0,0.0,0.0,0.0,0.0,0.0,0.05161522832148132,0.0,0.0,0.0,0.0,0.0,0.0888115102550547,0.2597787735860663,0.0,0.0,0.26226558509027376,0.34260459216268024
"""Dead"" lyrics",0.0,0.0,0.036931794471564514,0.0,0.0,0.12941559604853667,0.0,0.0,0.06052298113165762,0.09368659671117943,0.0919709977821974,0.0,0.0,0.0,0.0,0.0,0.0,0.16162686682673819,0.0,0.03937831223197704,0.0,0.26239471585758845,0.0,0.0,0.1275742523192092,0.14884077816469668,0.0,0.0,0.0,0.0,0.0,0.15751324892790816,0.04435524315723607,0.0,0.0,0.0,0.0,0.0,0.0,0.0,0.06052298113165762,0.0,0.043579153327642735,0.08139994672721443,0.07386358894312903,0.0,0.0,0.13547034912775915,0.21603634419187942,0.041388604150543684,0.06559867896439711,0.0,0.0,0.0,0.10906979017514923,0.0,0.0,0.0,0.0,0.0,0.0,0.0,0.0,0.0,0.0,0.0,0.0,0.08277720830108737,0.0,0.0,0.0,0.0,0.0,0.0,0.03470800969947951,0.0,0.0,0.0,0.13119735792879422,0.0,0.04773229728359689,0.0,0.0,0.0,0.0,0.05506828692661159,0.0,0.0,0.0896984116547245,0.0,0.14877903489272581,0.0,0.13119735792879422,0.05904102581026197,0.0,0.0,0.0,0.0,0.12848084104116664,0.0,0.15495551251048317,0.0,0.0,0.0,0.0,0.0,0.1077512445511588,0.0,0.0,0.0,0.049613592721565555,0.2756481856238393,0.0,0.0,0.0,0.0,0.0381244591225967,0.0,0.0,0.26239471585758845,0.0675553050516473,0.0,0.0,0.438582645651539,0.0,0.4591907527507798,0.07748669455271406,0.05061147724763241
"""Skin Deep"" lyrics",0.049166953481528095,0.0,0.0,0.0,0.0,0.17601064642704944,0.22576738706915392,0.0,0.0587955689043401,0.0,0.0,0.09101264758196172,0.0,0.0,0.0,0.03531892758595222,0.0,0.1570138054606402,0.1175911378086802,0.0,0.0,0.2549055963185178,0.13538689410914967,0.0,0.0,0.0,0.057355910702066006,0.04233534211896222,0.0,0.0,0.0,0.0,0.0,0.0,0.0,0.1763867067130203,0.18098451244942604,0.0,0.1570138054606402,0.0,0.1763867067130203,0.0,0.08467068423792444,0.0395383380587161,0.0,0.21167671059481113,0.03531892758595222,0.0,0.0,0.04020731434055023,0.0,0.0,0.0,0.0,0.0,0.0,0.0,0.0,0.0,0.057355910702066006,0.0,0.0,0.0,0.0,0.0,0.2722138455382433,0.1570138054606402,0.0,0.0,0.0,0.0,0.05233793515354673,0.05471462580672386,0.0,0.0,0.0,0.16799569453228194,0.05599856484409398,0.0,0.0,0.046369949421281975,0.0,0.0,0.0,0.0,0.0,0.0,0.0,0.05809219401120596,0.05471462580672386,0.16862144714279023,0.0,0.0,0.17206773210619802,0.0,0.11471182140413201,0.0,0.0,0.20802302423192473,0.04386794403109747,0.05017762037144563,0.0,0.0,0.0,0.0,0.0,0.0,0.0,0.0,0.04550632379098086,0.0,0.11476319706403797,0.05599856484409398,0.0,0.0,0.06196655057635874,0.03703633266853159,0.0,0.0,0.38235839447777664,0.0,0.0,0.0,0.3994358167833516,0.0,0.0,0.03763755687143957,0.049166953481528095
"""Late Nights In My Car"" lyrics",0.0,0.0,0.20013609220966866,0.0,0.0,0.22442002212770962,0.0,0.1679430484433798,0.0,0.0,0.29903853342829473,0.05076945116391565,0.0,0.0,0.0,0.0788076214406167,0.0,0.0,0.06559569122424144,0.08535758027125424,0.0,0.0,0.0,0.05839118657448689,0.0,0.05377193667327129,0.0,0.0,0.0,0.0,0.0,0.0,0.14421858176429117,0.0,0.0,0.0,0.0,0.18312827480454083,0.0,0.0,0.0,0.0,0.14169516927506481,0.044111225780277596,0.1200816553258012,0.04723172309168827,0.0,0.0,0.2341433462439286,0.2242878694421529,0.0,0.0,0.0,0.0,0.03940381072030835,0.0,0.0,0.0,0.0,0.0,0.0,0.0,0.06730554935932762,0.05173296119084884,0.0,0.2603119689601334,0.05839118657448689,0.13457272166529174,0.0,0.0,0.0,0.0,0.0,0.0,0.0,0.0,0.06247519391283077,0.0,0.2132904200822312,0.0,0.0,0.0,0.0,0.0,0.0,0.0,0.0,0.0,0.0,0.0,0.18812370705280718,0.0,0.2132904200822312,0.0,0.0,0.1279790527894753,0.06559569122424144,0.0,0.0,0.048941581226774444,0.0,0.0,0.0,0.0,0.18312827480454083,0.05839118657448689,0.2919559328724345,0.0,0.0,0.0,0.05377193667327129,0.25607274081376274,0.06247519391283077,0.0,0.23873525579502547,0.0,0.0,0.07552267175305197,0.0,0.07109680669407707,0.0,0.0,0.0,0.08912667736663166,0.0,0.2132904200822312,0.0,0.0
"""Alexander Supertramp"" lyrics",0.0,0.0,0.0,0.0,0.10671092758099843,0.05237187692358632,0.0,0.20902455030192443,0.0,0.0,0.09304701140081673,0.09478268195951017,0.0,0.0,0.26546459978322706,0.14712780122193755,0.0,0.0,0.0,0.07967803667566442,0.0,0.0,0.0,0.0,0.0,0.10038809274487555,0.11946355120976497,0.17635602850010668,0.11946355120976497,0.0,0.0,0.0,0.0,0.0,0.0,0.0,0.0,0.11396216051625237,0.0,0.0,0.1224621380906413,0.0,0.0,0.3294091378279721,0.07472775514268602,0.0,0.07356390061096878,0.0,0.0,0.0,0.0,0.11946355120976497,0.0,0.0,0.14712780122193755,0.0,0.0,0.0,0.0,0.0,0.0,0.0,0.0,0.0,0.0,0.16199417824800497,0.0,0.0,0.0,0.0,0.0,0.0,0.0,0.0,0.07022815131037426,0.11946355120976497,0.0,0.0,0.0,0.0,0.0,0.0,0.0,0.0,0.10451227515096222,0.11142511541775843,0.0,0.0,0.0,0.22792432103250473,0.20069289797420042,0.0,0.0,0.0,0.11142511541775843,0.11946355120976497,0.0,0.0,0.25996800229252287,0.09137018860093428,0.0,0.0,0.0,0.0,0.0,0.21802375796654797,0.0,0.0,0.0,0.0,0.2007761854897511,0.0,0.11663640829758098,0.0,0.11142511541775843,0.0,0.07714099157717046,0.0,0.0,0.0,0.0,0.0,0.13273229989161353,0.05546422977651761,0.0,0.26546459978322706,0.31357299693680574,0.0
"""Hebron"" lyrics",0.0,0.0,0.0,0.0,0.0,0.10995517737959971,0.0,0.10971218168614241,0.0,0.1989970041092516,0.09767647489649911,0.0994985020546258,0.13548839911040875,0.0,0.0,0.07722400089093862,0.0,0.11443565892796097,0.0,0.08364233984504481,0.09421369560512709,0.0,0.0,0.11443565892796097,0.0,0.0,0.0,0.0,0.0,0.0,0.0,0.0,0.18842739121025417,0.0,0.0,0.0,0.0,0.0,0.0,0.0,0.12855512258695864,0.0,0.0,0.0864496422220631,0.07844576187217804,0.18513045106235138,0.15444800178187723,0.0,0.0,0.08791234306026531,0.0,0.12540734393415262,0.0,0.0,0.07722400089093862,0.0,0.0,0.0,0.0,0.0,0.0,0.0,0.0,0.10138679909539827,0.13933626629306206,0.17005404092840504,0.11443565892796097,0.08791234306026531,0.0,0.11963223690082773,0.0,0.0,0.0,0.0,0.0,0.0,0.0,0.0,0.13933626629306206,0.0,0.0,0.0,0.0,0.0,0.10971218168614241,0.0,0.0,0.0,0.0,0.0,0.2633477222395584,0.0,0.13933626629306206,0.0,0.11696896359259815,0.12540734393415262,0.0,0.0,0.0,0.09591622341015038,0.0,0.0,0.0,0.0,0.23926447380165547,0.0,0.34330697678388294,0.0,0.0,0.0,0.0,0.16728467969008962,0.12243953927784605,0.0,0.11696896359259815,0.0,0.08097906653681519,0.14801012298381352,0.0,0.0,0.0,0.0,0.0,0.407566589845409,0.0,0.0,0.08229362905483134,0.10750238240451086
"""Dirty Water"" lyrics",0.0,0.0,0.03990071552775777,0.06378729246790565,0.0,0.1118553800414697,0.08369431137621326,0.05580409249541655,0.0,0.0,0.0,0.0,0.0,0.13782985699149866,0.07087211076002277,0.07855855607560823,0.2379807515663985,0.0,0.0,0.1701756285404541,0.04792093004698311,0.14174422152004554,0.0,0.058206645765722466,0.0,0.10720398928990138,0.1275745849358113,0.0,0.2551491698716226,0.0,0.0,0.1276317214053406,0.0,0.0,0.0,0.0,0.0,0.0,0.0,0.0,0.0,0.0,0.0,0.0,0.0,0.0,0.039279278037804115,0.0,0.15560223625912864,0.08943161002227139,0.0,0.06378729246790565,0.0,0.0,0.11783783411341235,0.0,0.20127850619861237,0.0,0.13077676227649712,0.0,0.0,0.0,0.26837134159814985,0.0,0.0,0.04324821220097339,0.058206645765722466,0.13414741503340707,0.0,0.0,0.0,0.058206645765722466,0.06084983737307822,0.0,0.0,0.0,0.0,0.0,0.0,0.0,0.0,0.0,0.0,0.0,0.05580409249541655,0.059495187891599625,0.0,0.19136187740371696,0.19381840811891957,0.06084983737307822,0.21431903621939985,0.0,0.0,0.0,0.0,0.0,0.0,0.06227774591615954,0.18507910099332853,0.04878690516157276,0.0,0.113956115956718,0.16116735230824847,0.0,0.0,0.0,0.0,0.0,0.0,0.1518269947733539,0.0,0.04254390713511352,0.0,0.0,0.0,0.0,0.041189257653634924,0.0,0.0,0.07087211076002277,0.0,0.14174422152004554,0.0,0.2961499980901841,0.0,0.0,0.3348631823362497,0.21872039363288676
"""Home For Fall"" lyrics",0.10788073547963696,0.0,0.039360925296460805,0.0,0.05620723974394427,0.19309878530434302,0.0,0.0,0.12900757047570371,0.14977302838348255,0.049010122916357174,0.0,0.06798262428264179,0.0,0.0,0.0,0.05869031708143279,0.0,0.06450378523785186,0.12590507676985052,0.0,0.0,0.0,0.0,0.0,0.0,0.12584871326160013,0.09289100749940853,0.0,0.0,0.0,0.083936717846567,0.14181791900980145,0.0,0.0,0.06450378523785186,0.0,0.0,0.1722576203538252,0.0,0.12900757047570371,0.0,0.0,0.0,0.07872185059292161,0.0,0.15499157928327037,0.048126899583399406,0.0,0.0,0.0,0.06292435663080007,0.0,0.0,0.11624368446245278,0.0,0.066185181071547,0.0,0.0,0.0,0.0,0.0,0.198555543214641,0.0,0.0,0.0,0.0,0.08822174927615022,0.0,0.0,0.06798262428264179,0.0,0.0,0.0,0.11097262371222469,0.12584871326160013,0.061435231729932704,0.0,0.1398266582606577,0.0,0.0,0.0,0.0,0.0,0.1651474681766675,0.11738063416286558,0.09005693071611368,0.0,0.0,0.0,0.29070202779979004,0.0,0.1398266582606577,0.18877306989240017,0.05869031708143279,0.0,0.06450378523785186,0.0,0.0,0.0,0.11009831211777835,0.2248289589757771,0.1589870264361606,0.0,0.0,0.0,0.0,0.0,0.0,0.0,0.0,0.0,0.061435231729932704,0.0,0.05869031708143279,0.0,0.0,0.2227965636962756,0.0,0.0,0.0,0.0,0.06991332913032886,0.23371486545428977,0.0,0.1398266582606577,0.41291630144147884,0.16182110321945542
"""Everything I Never Want To Be"" lyrics",0.0,0.0,0.2030419632560415,0.0,0.0724857725069767,0.10672428895058458,0.0,0.0,0.0,0.1287664923895116,0.12640850667771064,0.1287664923895116,0.0,0.0,0.0,0.0,0.0,0.0,0.0,0.0,0.12192713324935277,0.0,0.0,0.14809748991342692,0.26301450101237667,0.0,0.0,0.0,0.0,0.0,0.0,0.16236923915474938,0.12192713324935277,0.0,0.09016136877798553,0.0,0.08535348827554005,0.0,0.0,0.0,0.0,0.08767150033745888,0.0,0.11187924408300937,0.25380245407005186,0.0,0.0,0.0,0.0,0.0,0.0,0.32459310371165884,0.0,0.0,0.0,0.0,0.0,0.09577402664967978,0.0,0.0,0.0,0.0,0.0,0.13121024160692468,0.0,0.16505722635144285,0.0,0.05688610290534268,0.0,0.23223400158285856,0.0,0.0,0.0,0.0,0.0,0.0,0.0,0.0,0.0,0.1449715450139534,0.0,0.0,0.0,0.0,0.0,0.0,0.0,0.0,0.2465699523123163,0.0,0.20448767632464337,0.0,0.0,0.08114827592791471,0.0,0.16229655185582942,0.0,0.0,0.0,0.0,0.0,0.0,0.0,0.0,0.0,0.22214623487014037,0.07404874495671346,0.0,0.0,0.0,0.0,0.10824615943649957,0.0,0.0,0.0,0.0,0.05239973537087931,0.0,0.0,0.0,0.0,0.0,0.0,0.3390778123377597,0.0,0.0,0.10650071850907407,0.27824950968900036
"""Keep It Together"" lyrics",0.0,0.0,0.07599873882452181,0.303738524264014,0.05426294353059069,0.21305051053471658,0.0,0.0,0.062272498557412445,0.0,0.0,0.0,0.06563099912601202,0.0,0.0,0.14963017847307275,0.0,0.0,0.0,0.0,0.045637405228175214,0.0,0.0,0.1108659734766713,0.06563099912601202,0.0,0.06074770485280279,0.0,0.0,0.0,0.0,0.04051660783735697,0.045637405228175214,0.0,0.0,0.0,0.0,0.0,0.0,0.0,0.0,0.0,0.0,0.16750589512823888,0.0,0.0,0.2618528123278773,0.046462114956957526,0.2963749786828346,0.08517002117431742,0.0,0.0,0.0,0.0797061158834872,0.0,0.0,0.0,0.0,0.0,0.06074770485280279,0.0,0.0,0.0,0.0,0.0,0.12356205422191249,0.1108659734766713,0.0,0.0,0.0,0.0,0.0,0.0,0.0,0.10713390732884569,0.0,0.0,0.0,0.0,0.05426294353059069,0.0,0.0,0.0,0.0,0.0,0.0,0.0,0.0,0.27687388026476256,0.057950225163431714,0.25513290055272203,0.0,0.0,0.0,0.0,0.0,0.0,0.0,0.08812986228582866,0.0,0.0,0.0,0.0,0.0,0.0,0.05543298673833565,0.0,0.0,0.0,0.0,0.0,0.04051660783735697,0.0,0.0,0.0,0.0,0.19613255009279568,0.0,0.0,0.0,0.0,0.0,0.0,0.08461136370630137,0.0,0.3374745893871587,0.11958986449104185,0.4686703755276247
"""Anchor Down"" lyrics",0.0,0.0,0.09010281770113901,0.048014300068433866,0.0,0.2315399874790997,0.18899644231460427,0.0,0.0,0.03809466642176012,0.0,0.11428399926528036,0.0,0.0,0.0,0.029566500931631302,0.08956704991021261,0.0,0.0,0.064047738796774,0.0721425796836246,0.1600416631993194,0.0,0.04381360687441943,0.0,0.12104271033815284,0.0,0.1063204364703657,0.0,0.0,0.0,0.288214824585483,0.0360712898418123,0.08762721374883886,0.0,0.0,0.0,0.0,0.08762721374883886,0.0,0.0,0.0,0.0,0.0,0.09010281770113901,0.1063204364703657,0.08869950279489391,0.0,0.1756885777874382,0.0,0.0,0.0,0.0,0.0,0.0,0.0,0.15150739622329684,0.0,0.147658439392485,0.09602860013686773,0.0,0.0,0.0,0.03881763254072673,0.0533472210664398,0.032554017543316154,0.0,0.03365871157937143,0.0,0.0,0.0,0.1314408206232583,0.0,0.0,0.02822581026699014,0.0,0.09375605279088105,0.0,0.1600416631993194,0.08577763586582828,0.0,0.0,0.15562200218739966,0.0,0.0,0.0,0.0,0.0,0.19452265691509618,0.13740961111728026,0.28231582977186886,0.11333630448057447,0.1600416631993194,0.0,0.0,0.0,0.049219479797495,0.1875121055817621,0.10448527223460104,0.0,0.0,0.0,0.0,0.0,0.18321281482304036,0.0,0.0,0.048014300068433866,0.0,0.03809466642176012,0.04034757011271761,0.0,0.0,0.0,0.08956704991021261,0.0,0.09301257194319962,0.0,0.0,0.0,0.0,0.0,0.0533472210664398,0.4235471551543448,0.0,0.0,0.2205524503304704,0.041159085942781205
"""Floorboards"" lyrics",0.0,0.0,0.0,0.0,0.0,0.17159066773915832,0.0,0.0,0.0,0.0,0.0,0.0,0.0,0.18123134037741342,0.0,0.10329599642967655,0.0,0.05102362512376803,0.0,0.07458750939538833,0.042007223370007035,0.0,0.0,0.0,0.3020522339623557,0.1409616399298235,0.05591558928927698,0.12381665150299767,0.0,0.0,0.0,0.14917501879077666,0.0,0.0,0.0,0.17195728440064909,0.17643963005677837,0.32004379398146776,0.0,0.0,0.0,0.0,0.0,0.19272725731405074,0.0,0.12381665150299767,0.13772799523956872,0.04276633238637566,0.2046000950628877,0.0,0.0,0.0,0.06599352946796953,0.0,0.03443199880989218,0.0,0.0,0.0,0.0,0.0,0.0,0.06397915076406373,0.17643963005677837,0.18082202970663,0.0,0.0,0.0,0.15679051365913227,0.18123134037741342,0.0,0.24164178716988458,0.0,0.0,0.0,0.06574136505152048,0.0,0.0,0.10918465819072123,0.0,0.0,0.0,0.07336597243276684,0.0,0.06599352946796953,0.14675268047493217,0.0,0.0,0.0,0.16990014916422116,0.05334063233024463,0.11741930428528566,0.0,0.0,0.0,0.05215315405507877,0.1677467678678309,0.0,0.0,0.0,0.0,0.0,0.1498399555062572,0.21191762018373325,0.0,0.0,0.05102362512376803,0.15307087537130407,0.0,0.0,0.0,0.18794885323976465,0.0,0.0,0.0,0.0,0.0,0.0,0.06599352946796953,0.0,0.0,0.0,0.0,0.18637830596033575,0.07788103721236966,0.0,0.0,0.0,0.0
"""Monday"" lyrics",0.0,0.0,0.28038375544536925,0.0,0.0,0.3438801437452425,0.0,0.0,0.0,0.17781562063685644,0.0,0.0,0.0,0.0,0.0,0.0,0.05225935171629234,0.0,0.0,0.037369694678669914,0.16837104489593363,0.0,0.0,0.0,0.0,0.18833156697977657,0.056029448267041364,0.04135625835397029,0.0,0.0,0.0,0.0,0.0,0.0,0.0,0.0,0.0,0.05344924801234015,0.0,0.0,0.0,0.0,0.0,0.1158718206916639,0.0,0.0,0.1725105574823702,0.12856024796324816,0.0,0.0,0.0,0.0,0.0,0.0,0.0,0.0,0.0,0.2645116392250317,0.0,0.0,0.0,0.19232828787830347,0.0,0.18119023134272771,0.0,0.0,0.0,0.43205189706652497,0.0,0.05344924801234015,0.0,0.0,0.0,0.19232828787830347,0.0,0.16808834480112408,0.0,0.0,0.0,0.0,0.0,0.0,0.0,0.0,0.0,0.0,0.0,0.16808834480112408,0.11349740730217543,0.05344924801234015,0.21178512206575098,0.0,0.0,0.16808834480112408,0.0,0.0,0.0,0.0,0.04064242074404471,0.0,0.14705150787522325,0.0,0.0,0.0,0.0,0.0511275227643414,0.0,0.0,0.24901042886576052,0.17781562063685644,0.0,0.0,0.05470349356422488,0.0,0.0,0.0,0.03617979838262209,0.0,0.0,0.0,0.0,0.0,0.0,0.026013207890313163,0.0,0.0,0.0,0.0
"""Skeletons"" lyrics",0.059644760093135435,0.0,0.043523487968699766,0.06957883886446777,0.0,0.24402250551534527,0.0,0.12174161371310914,0.0,0.11040805146706184,0.21677249495822884,0.0,0.0,0.0,0.07730692092061206,0.0,0.0,0.0,0.0,0.0,0.0,0.0,0.0,0.1269829983334714,0.0,0.0,0.0,0.0,0.0,0.0,0.0,0.04640666729518793,0.10454379049407378,0.0,0.0,0.0,0.07318450748749815,0.0,0.0,0.0,0.0,0.0,0.0,0.0,0.0,0.0,0.12853688179413333,0.0,0.0,0.0,0.0,0.06957883886446777,0.0,0.0,0.12853688179413333,0.0,0.0,0.0,0.0713252978579666,0.0,0.0,0.0,0.0,0.0,0.0,0.04717491950958547,0.0634914991667357,0.04877576192985769,0.0,0.13274935698644771,0.07517203693156686,0.0,0.0,0.0,0.0,0.0,0.0,0.0,0.0,0.0,0.0,0.0,0.0,0.0,0.12174161371310914,0.0,0.0,0.0,0.03523601453549497,0.0,0.5844451578737492,0.0,0.0,0.27831535545787106,0.12979406810858674,0.0,0.0,0.0,0.05047082438745411,0.0,0.0,0.0,0.0,0.0,0.0,0.0,0.0634914991667357,0.13915767772893553,0.0,0.44163220586824736,0.0,0.23203333647593963,0.0,0.0,0.0,0.0,0.04492902285625742,0.0,0.0,0.07730692092061206,0.0,0.07730692092061206,0.0,0.0,0.0,0.0,0.0,0.0
"""Something's Keeping Me Here"" lyrics",0.0,0.0,0.0,0.0,0.0,0.15103067666726336,0.0,0.15069690608105996,0.05885964207130828,0.0,0.178886760340682,0.0,0.0,0.062034079358127665,0.0,0.10607225041570177,0.0,0.0,0.17657892621392485,0.2680726104375282,0.0,0.0637958456771299,0.20330165036864956,0.0,0.0,0.04825007385393863,0.0,0.0,0.34451048990683275,0.0,0.0,0.0,0.12940871487517508,0.0,0.1913875370313897,0.0,0.0,0.10954850343531951,0.10478994207543774,0.0,0.0,0.0,0.0,0.0395814254304907,0.0,0.04238147755900969,0.0,0.0,0.0,0.24150678442286552,0.0,0.05741841498447213,0.0,0.0,0.07071483361046785,0.0,0.12078782830902648,0.0,0.0,0.0,0.0,0.0,0.0,0.04642048162238049,0.0,0.03893007054252123,0.05239497103771887,0.0,0.0,0.0,0.0,0.20957988415087547,0.054774251717659754,0.0,0.0,0.0,0.0,0.0,0.0,0.0,0.04642048162238049,0.0,0.062034079358127665,0.0,0.10046460405403998,0.0,0.0,0.05741841498447213,0.05815550066706099,0.0,0.4099554963033144,0.0,0.0,0.22967365993788852,0.05355485796262346,0.05741841498447213,0.0,0.056059589942789284,0.04164994395684248,0.08783149928442933,0.15069690608105996,0.0,0.0,0.19709609478959422,0.0,0.05239497103771887,0.0,0.11483682996894426,0.1913875370313897,0.0,0.0,0.07659217441072236,0.16817876982836785,0.0,0.0,0.0,0.07415338690064974,0.0,0.0,0.0637958456771299,0.0,0.0,0.0,0.0,0.0,0.0,0.0,0.0
"""High Hopes"" lyrics",0.0,0.0,0.03549464664071176,0.0,0.0,0.12437957367808639,0.0,0.0,0.0,0.18008183424688665,0.04419603913352022,0.04502045856172166,0.0,0.0,0.0,0.0,0.0,0.05177912967896847,0.0,0.11353788501052753,0.17051688985663832,0.0,0.0,0.0,0.0,0.047682950894358686,0.0,0.0,0.0,0.0,0.0,0.0,0.17051688985663832,0.0,0.5043680033975085,0.17450344828746533,0.0,0.0,0.0,0.0,0.0,0.36782964959987025,0.16753333223026026,0.0,0.21296787984427057,0.0,0.0,0.0,0.2768394661333878,0.23866815576594066,0.0,0.0,0.0,0.0,0.0,0.0,0.0,0.0,0.0,0.0,0.0,0.0,0.0,0.0458748633710488,0.0,0.0,0.0,0.0,0.0,0.05413044470843254,0.2452197663999135,0.0,0.0,0.0,0.03335739726467814,0.0,0.0,0.0554006752920587,0.0,0.0,0.0,0.0,0.0,0.0,0.14892564090880459,0.0,0.0,0.0,0.028735975523464945,0.0,0.0,0.0,0.0,0.0,0.05292538349509023,0.0,0.0,0.0,0.12348119332162197,0.0,0.0,0.0,0.0,0.0,0.0,0.0,0.0,0.17023058682300865,0.0,0.0,0.0,0.0,0.0,0.06304600042468857,0.0,0.0,0.0,0.0,0.0,0.0,0.0,0.0,0.0,0.2371026548331258,0.0,0.0,0.1861785273271098,0.09728400834962375
